fecha,zona,dia_semana,mes,promocion,demanda_lag7,demanda
2023-01-08,1,6,1,0,102.68012715007603,104.1256602969341
2023-01-08,2,6,1,0,134.50964385887386,123.72594051001738
2023-01-08,3,6,1,0,135.6289413562543,150.10339177223574
2023-01-08,4,6,1,0,147.23231657204232,147.71148432711428
2023-01-09,1,0,1,0,100.5245177311297,85.32893919336802
2023-01-09,2,0,1,0,107.32032317186828,107.85855538168501
2023-01-09,3,0,1,0,123.46838199681615,99.11971601681067
2023-01-09,4,0,1,0,112.69111594742074,120.78215522649873
2023-01-10,1,1,1,0,104.58256394510146,92.60059271210997
2023-01-10,2,1,1,0,117.13152080471522,99.2031115878582
2023-01-10,3,1,1,0,105.74799498390215,132.55678233808183
2023-01-10,4,1,1,0,128.3511427476051,135.75151256713244
2023-01-11,1,2,1,0,90.47005926125134,87.55256364476847
2023-01-11,2,2,1,0,100.25423852103712,108.6776476401199
2023-01-11,3,2,1,0,134.7032240834711,131.64763431005252
2023-01-11,4,2,1,0,124.51738213736186,125.41706870578831
2023-01-12,1,3,1,0,108.17564857941136,91.76376414344958
2023-01-12,2,3,1,0,131.07918598781228,105.32205201600371
2023-01-12,3,3,1,0,117.32944016279342,124.29721916781423
2023-01-12,4,3,1,0,143.84994929364422,131.8196999775097
2023-01-13,1,4,1,0,99.22233548343159,90.18293159609416
2023-01-13,2,4,1,0,101.83804683997222,94.11793306968538
2023-01-13,3,4,1,0,117.16029832693049,118.7943151953354
2023-01-13,4,4,1,1,132.2570384256662,148.0423940383298
2023-01-14,1,5,1,0,120.01792965574427,113.92355251491263
2023-01-14,2,5,1,0,122.08632086577731,108.85902309648495
2023-01-14,3,5,1,0,139.35101603289743,129.84435388093826
2023-01-14,4,5,1,0,145.40294540257895,129.5087484798628
2023-01-15,1,6,1,1,104.1256602969341,136.44656802406305
2023-01-15,2,6,1,1,123.72594051001738,154.00035137366422
2023-01-15,3,6,1,0,150.10339177223574,142.18844224114093
2023-01-15,4,6,1,0,147.71148432711428,150.58647764605104
2023-01-16,1,0,1,0,85.32893919336802,89.74867986892308
2023-01-16,2,0,1,0,107.85855538168501,86.91668194129718
2023-01-16,3,0,1,0,99.11971601681067,119.21455783464657
2023-01-16,4,0,1,0,120.78215522649873,127.90218638530996
2023-01-17,1,1,1,0,92.60059271210997,86.48981817401697
2023-01-17,2,1,1,0,99.2031115878582,103.69760802693915
2023-01-17,3,1,1,0,132.55678233808183,114.50688452840224
2023-01-17,4,1,1,1,135.75151256713244,138.56231941536117
2023-01-18,1,2,1,0,87.55256364476847,102.03177834176714
2023-01-18,2,2,1,1,108.6776476401199,115.34289669664355
2023-01-18,3,2,1,0,131.64763431005252,123.95740605355593
2023-01-18,4,2,1,0,125.41706870578831,119.90957709685975
2023-01-19,1,3,1,1,91.76376414344958,108.27874818429977
2023-01-19,2,3,1,1,105.32205201600371,140.6468214443565
2023-01-19,3,3,1,1,124.29721916781423,147.45108468824708
2023-01-19,4,3,1,0,131.8196999775097,136.0052442548264
2023-01-20,1,4,1,0,90.18293159609416,98.20474230259761
2023-01-20,2,4,1,0,94.11793306968538,109.50650458813139
2023-01-20,3,4,1,0,118.7943151953354,95.08373502168416
2023-01-20,4,4,1,0,148.0423940383298,116.88990698688019
2023-01-21,1,5,1,0,113.92355251491263,115.34523414644156
2023-01-21,2,5,1,0,108.85902309648495,125.63954830925812
2023-01-21,3,5,1,0,129.84435388093826,146.37301582465767
2023-01-21,4,5,1,0,129.5087484798628,143.2204783034206
2023-01-22,1,6,1,0,136.44656802406305,112.85729058453376
2023-01-22,2,6,1,0,154.00035137366422,116.52410944885787
2023-01-22,3,6,1,0,142.18844224114093,128.9942030538791
2023-01-22,4,6,1,0,150.58647764605104,162.55809790120392
2023-01-23,1,0,1,0,89.74867986892308,94.7495087738321
2023-01-23,2,0,1,0,86.91668194129718,94.01597586491569
2023-01-23,3,0,1,1,119.21455783464657,149.12127956390663
2023-01-23,4,0,1,0,127.90218638530996,132.79853058290473
2023-01-24,1,1,1,0,86.48981817401697,94.78876439019746
2023-01-24,2,1,1,1,103.69760802693915,128.4299277062906
2023-01-24,3,1,1,0,114.50688452840224,114.65277527148821
2023-01-24,4,1,1,1,138.56231941536117,156.77819317742401
2023-01-25,1,2,1,1,102.03177834176714,115.54063255591113
2023-01-25,2,2,1,0,115.34289669664355,104.81851779739483
2023-01-25,3,2,1,0,123.95740605355593,118.81730238709973
2023-01-25,4,2,1,0,119.90957709685975,126.73325461034
2023-01-26,1,3,1,0,108.27874818429977,98.05030580670832
2023-01-26,2,3,1,0,140.6468214443565,96.42638938510605
2023-01-26,3,3,1,0,147.45108468824708,120.37973939389781
2023-01-26,4,3,1,0,136.0052442548264,115.96801947951761
2023-01-27,1,4,1,0,98.20474230259761,90.44263026914159
2023-01-27,2,4,1,1,109.50650458813139,118.1680909170267
2023-01-27,3,4,1,0,95.08373502168416,126.35416087256137
2023-01-27,4,4,1,1,116.88990698688019,152.459113717791
2023-01-28,1,5,1,0,115.34523414644156,105.88897721405327
2023-01-28,2,5,1,0,125.63954830925812,113.79931604678109
2023-01-28,3,5,1,1,146.37301582465767,163.03889513979234
2023-01-28,4,5,1,0,143.2204783034206,138.39664194704946
2023-01-29,1,6,1,1,112.85729058453376,144.95953048987516
2023-01-29,2,6,1,0,116.52410944885787,113.54816745656944
2023-01-29,3,6,1,0,128.9942030538791,132.37504663040045
2023-01-29,4,6,1,0,162.55809790120392,137.7047982272015
2023-01-30,1,0,1,0,94.7495087738321,100.74622683673185
2023-01-30,2,0,1,0,94.01597586491569,100.00317273427856
2023-01-30,3,0,1,0,149.12127956390663,99.9746436641135
2023-01-30,4,0,1,0,132.79853058290473,129.52786641534595
2023-01-31,1,1,1,0,94.78876439019746,90.3209197601138
2023-01-31,2,1,1,0,128.4299277062906,107.64231956493273
2023-01-31,3,1,1,0,114.65277527148821,121.24978582874066
2023-01-31,4,1,1,0,156.77819317742401,120.88744645691776
2023-02-01,1,2,2,0,115.54063255591113,102.0820834962875
2023-02-01,2,2,2,0,104.81851779739483,113.38206037397106
2023-02-01,3,2,2,1,118.81730238709973,144.86723850281857
2023-02-01,4,2,2,0,126.73325461034,133.004433641648
2023-02-02,1,3,2,0,98.05030580670832,103.73908272701267
2023-02-02,2,3,2,0,96.42638938510605,109.047236128286
2023-02-02,3,3,2,0,120.37973939389781,111.23958792653477
2023-02-02,4,3,2,0,115.96801947951761,127.90744890654716
2023-02-03,1,4,2,1,90.44263026914159,115.69349050409673
2023-02-03,2,4,2,0,118.1680909170267,110.45107689663465
2023-02-03,3,4,2,0,126.35416087256137,123.82778902792379
2023-02-03,4,4,2,1,152.459113717791,154.73369941987139
2023-02-04,1,5,2,0,105.88897721405327,113.86187024636034
2023-02-04,2,5,2,1,113.79931604678109,153.77733188255084
2023-02-04,3,5,2,1,163.03889513979234,161.61891880607678
2023-02-04,4,5,2,0,138.39664194704946,147.1262873839517
2023-02-05,1,6,2,0,144.95953048987516,106.32600713338542
2023-02-05,2,6,2,0,113.54816745656944,111.41257130229438
2023-02-05,3,6,2,0,132.37504663040045,150.6715545836135
2023-02-05,4,6,2,0,137.7047982272015,150.94849671536258
2023-02-06,1,0,2,1,100.74622683673185,123.36959079784337
2023-02-06,2,0,2,0,100.00317273427856,111.07463517410244
2023-02-06,3,0,2,0,99.9746436641135,137.6435061636413
2023-02-06,4,0,2,1,129.52786641534595,166.81901129552458
2023-02-07,1,1,2,0,90.3209197601138,102.9161876779554
2023-02-07,2,1,2,0,107.64231956493273,119.88850694317257
2023-02-07,3,1,2,1,121.24978582874066,151.61673336860673
2023-02-07,4,1,2,0,120.88744645691776,139.36365060247695
2023-02-08,1,2,2,0,102.0820834962875,98.66062237402697
2023-02-08,2,2,2,0,113.38206037397106,93.91605895970832
2023-02-08,3,2,2,0,144.86723850281857,121.14635418732902
2023-02-08,4,2,2,0,133.004433641648,132.07354979277514
2023-02-09,1,3,2,0,103.73908272701267,94.91753252765136
2023-02-09,2,3,2,0,109.047236128286,87.39489668836866
2023-02-09,3,3,2,0,111.23958792653477,122.34529628034349
2023-02-09,4,3,2,0,127.90744890654716,143.2802927075204
2023-02-10,1,4,2,0,115.69349050409673,92.09689731688006
2023-02-10,2,4,2,0,110.45107689663465,107.8852318272982
2023-02-10,3,4,2,0,123.82778902792379,115.11823677409183
2023-02-10,4,4,2,0,154.73369941987139,136.32873305886037
2023-02-11,1,5,2,1,113.86187024636034,134.33840169342662
2023-02-11,2,5,2,0,153.77733188255084,136.02333715765118
2023-02-11,3,5,2,0,161.61891880607678,134.51151391695635
2023-02-11,4,5,2,0,147.1262873839517,160.64303522060544
2023-02-12,1,6,2,0,106.32600713338542,119.28808469169792
2023-02-12,2,6,2,1,111.41257130229438,148.02919745856437
2023-02-12,3,6,2,0,150.6715545836135,138.67445868612032
2023-02-12,4,6,2,0,150.94849671536258,140.01848606911355
2023-02-13,1,0,2,1,123.36959079784337,119.49225779523476
2023-02-13,2,0,2,0,111.07463517410244,114.33055748935134
2023-02-13,3,0,2,1,137.6435061636413,141.82732619895177
2023-02-13,4,0,2,0,166.81901129552458,125.36119975732244
2023-02-14,1,1,2,1,102.9161876779554,122.96455425365282
2023-02-14,2,1,2,0,119.88850694317257,111.86743740666883
2023-02-14,3,1,2,0,151.61673336860673,110.8213922722511
2023-02-14,4,1,2,0,139.36365060247695,134.75752037941368
2023-02-15,1,2,2,0,98.66062237402697,96.60442096933788
2023-02-15,2,2,2,0,93.91605895970832,100.07368007372494
2023-02-15,3,2,2,0,121.14635418732902,132.77063896371817
2023-02-15,4,2,2,0,132.07354979277514,131.88235114132345
2023-02-16,1,3,2,0,94.91753252765136,96.75455915816207
2023-02-16,2,3,2,1,87.39489668836866,123.71688282027831
2023-02-16,3,3,2,1,122.34529628034349,156.0803354930922
2023-02-16,4,3,2,0,143.2802927075204,132.96705294085518
2023-02-17,1,4,2,0,92.09689731688006,85.81540506602856
2023-02-17,2,4,2,0,107.8852318272982,95.89352329010646
2023-02-17,3,4,2,0,115.11823677409183,132.46206773495726
2023-02-17,4,4,2,1,136.32873305886037,159.62292479249015
2023-02-18,1,5,2,1,134.33840169342662,129.4143302246014
2023-02-18,2,5,2,0,136.02333715765118,139.52325401921595
2023-02-18,3,5,2,0,134.51151391695635,152.41151556113076
2023-02-18,4,5,2,0,160.64303522060544,152.83756798901896
2023-02-19,1,6,2,0,119.28808469169792,108.14847240253278
2023-02-19,2,6,2,0,148.02919745856437,134.11168568647565
2023-02-19,3,6,2,0,138.67445868612032,158.5140865306277
2023-02-19,4,6,2,0,140.01848606911355,158.175291161392
2023-02-20,1,0,2,0,119.49225779523476,107.78613122770179
2023-02-20,2,0,2,0,114.33055748935134,108.55263959741188
2023-02-20,3,0,2,0,141.82732619895177,115.26061017183191
2023-02-20,4,0,2,1,125.36119975732244,161.93686559160915
2023-02-21,1,1,2,0,122.96455425365282,103.29242939314996
2023-02-21,2,1,2,0,111.86743740666883,107.49903424819806
2023-02-21,3,1,2,1,110.8213922722511,162.04050221787782
2023-02-21,4,1,2,0,134.75752037941368,125.69252401596458
2023-02-22,1,2,2,0,96.60442096933788,95.74880438247223
2023-02-22,2,2,2,0,100.07368007372494,102.96638410979962
2023-02-22,3,2,2,0,132.77063896371817,118.7193389783708
2023-02-22,4,2,2,0,131.88235114132345,116.12630754342985
2023-02-23,1,3,2,1,96.75455915816207,116.68004023820876
2023-02-23,2,3,2,0,123.71688282027831,112.55637769631333
2023-02-23,3,3,2,0,156.0803354930922,126.89384232635553
2023-02-23,4,3,2,0,132.96705294085518,125.2301985084659
2023-02-24,1,4,2,0,85.81540506602856,83.57374145987447
2023-02-24,2,4,2,1,95.89352329010646,125.59756469014765
2023-02-24,3,4,2,0,132.46206773495726,109.00964218349398
2023-02-24,4,4,2,0,159.62292479249015,124.77041398103516
2023-02-25,1,5,2,0,129.4143302246014,117.29418966407148
2023-02-25,2,5,2,0,139.52325401921595,124.46854809249946
2023-02-25,3,5,2,0,152.41151556113076,135.69213377387067
2023-02-25,4,5,2,0,152.83756798901896,151.54692423475237
2023-02-26,1,6,2,1,108.14847240253278,125.82384201030563
2023-02-26,2,6,2,0,134.11168568647565,122.36533598045743
2023-02-26,3,6,2,0,158.5140865306277,147.8749224836508
2023-02-26,4,6,2,0,158.175291161392,151.44618111822624
2023-02-27,1,0,2,0,107.78613122770179,93.15636317290284
2023-02-27,2,0,2,1,108.55263959741188,137.56457092350863
2023-02-27,3,0,2,0,115.26061017183191,127.30935448530576
2023-02-27,4,0,2,0,161.93686559160915,131.417217998795
2023-02-28,1,1,2,0,103.29242939314996,97.56712200960081
2023-02-28,2,1,2,0,107.49903424819806,108.22582118070274
2023-02-28,3,1,2,1,162.04050221787782,140.5663553107924
2023-02-28,4,1,2,0,125.69252401596458,136.64140288305677
2023-03-01,1,2,3,0,95.74880438247223,97.0851549802158
2023-03-01,2,2,3,0,102.96638410979962,112.1193944963129
2023-03-01,3,2,3,0,118.7193389783708,123.94931335779197
2023-03-01,4,2,3,0,116.12630754342985,154.75356829354254
2023-03-02,1,3,3,1,116.68004023820876,122.43420507965052
2023-03-02,2,3,3,0,112.55637769631333,101.82534334266047
2023-03-02,3,3,3,0,126.89384232635553,118.4662957975188
2023-03-02,4,3,3,0,125.2301985084659,132.85764341059854
2023-03-03,1,4,3,1,83.57374145987447,131.8735006019235
2023-03-03,2,4,3,0,125.59756469014765,105.92149468822835
2023-03-03,3,4,3,0,109.00964218349398,131.45751416193093
2023-03-03,4,4,3,0,124.77041398103516,136.69690960904978
2023-03-04,1,5,3,0,117.29418966407148,119.85496847319608
2023-03-04,2,5,3,0,124.46854809249946,130.296476472503
2023-03-04,3,5,3,0,135.69213377387067,124.64217389596143
2023-03-04,4,5,3,0,151.54692423475237,152.5730012445719
2023-03-05,1,6,3,1,125.82384201030563,129.48989556541719
2023-03-05,2,6,3,0,122.36533598045743,116.30321359361406
2023-03-05,3,6,3,0,147.8749224836508,153.0098869106177
2023-03-05,4,6,3,1,151.44618111822624,170.06416396996178
2023-03-06,1,0,3,1,93.15636317290284,113.5873924687558
2023-03-06,2,0,3,0,137.56457092350863,109.24051363786931
2023-03-06,3,0,3,1,127.30935448530576,138.90243255170202
2023-03-06,4,0,3,0,131.417217998795,139.30798282912866
2023-03-07,1,1,3,0,97.56712200960081,87.98651081954952
2023-03-07,2,1,3,0,108.22582118070274,110.8964898551713
2023-03-07,3,1,3,0,140.5663553107924,123.10589338241336
2023-03-07,4,1,3,0,136.64140288305677,132.48050687394283
2023-03-08,1,2,3,0,97.0851549802158,97.22221842320981
2023-03-08,2,2,3,0,112.1193944963129,100.90088560914268
2023-03-08,3,2,3,0,123.94931335779197,112.13389284112968
2023-03-08,4,2,3,0,154.75356829354254,128.46393079406337
2023-03-09,1,3,3,0,122.43420507965052,90.87536735033967
2023-03-09,2,3,3,1,101.82534334266047,141.23024735796406
2023-03-09,3,3,3,0,118.4662957975188,125.18364603890711
2023-03-09,4,3,3,1,132.85764341059854,150.99824743806295
2023-03-10,1,4,3,0,131.8735006019235,105.70501254315505
2023-03-10,2,4,3,0,105.92149468822835,113.76581263841264
2023-03-10,3,4,3,0,131.45751416193093,127.57487346109367
2023-03-10,4,4,3,1,136.69690960904978,164.09461063039362
2023-03-11,1,5,3,0,119.85496847319608,140.31089972805864
2023-03-11,2,5,3,0,130.296476472503,127.7757929903503
2023-03-11,3,5,3,0,124.64217389596143,143.85702941017058
2023-03-11,4,5,3,1,152.5730012445719,179.10075994744983
2023-03-12,1,6,3,0,129.48989556541719,109.08369503974508
2023-03-12,2,6,3,0,116.30321359361406,123.37544735281759
2023-03-12,3,6,3,1,153.0098869106177,166.89454837719427
2023-03-12,4,6,3,0,170.06416396996178,148.86700190420208
2023-03-13,1,0,3,0,113.5873924687558,101.14169169875069
2023-03-13,2,0,3,0,109.24051363786931,98.03269185353479
2023-03-13,3,0,3,0,138.90243255170202,122.23293117947223
2023-03-13,4,0,3,0,139.30798282912866,138.1144431288353
2023-03-14,1,1,3,0,87.98651081954952,95.67714191856251
2023-03-14,2,1,3,0,110.8964898551713,118.54212640980221
2023-03-14,3,1,3,0,123.10589338241336,122.42401126048169
2023-03-14,4,1,3,0,132.48050687394283,134.66464231006137
2023-03-15,1,2,3,0,97.22221842320981,97.87367290866892
2023-03-15,2,2,3,1,100.90088560914268,129.35577723997255
2023-03-15,3,2,3,0,112.13389284112968,122.047771947199
2023-03-15,4,2,3,0,128.46393079406337,136.83510129193968
2023-03-16,1,3,3,0,90.87536735033967,100.25638853956276
2023-03-16,2,3,3,0,141.23024735796406,99.720242375329
2023-03-16,3,3,3,1,125.18364603890711,141.06202328987692
2023-03-16,4,3,3,0,150.99824743806295,129.8718726720995
2023-03-17,1,4,3,1,105.70501254315505,112.7147699773935
2023-03-17,2,4,3,0,113.76581263841264,105.16338244691482
2023-03-17,3,4,3,0,127.57487346109367,120.01188802255322
2023-03-17,4,4,3,0,164.09461063039362,126.59664045321162
2023-03-18,1,5,3,1,140.31089972805864,135.10953672741334
2023-03-18,2,5,3,0,127.7757929903503,132.62030735183674
2023-03-18,3,5,3,1,143.85702941017058,167.18275008599224
2023-03-18,4,5,3,0,179.10075994744983,150.43807406158854
2023-03-19,1,6,3,0,109.08369503974508,119.24549413561141
2023-03-19,2,6,3,0,123.37544735281759,130.90880632742756
2023-03-19,3,6,3,0,166.89454837719427,152.38847577812027
2023-03-19,4,6,3,0,148.86700190420208,145.77213970220927
2023-03-20,1,0,3,0,101.14169169875069,100.04219617178309
2023-03-20,2,0,3,0,98.03269185353479,102.4592498476409
2023-03-20,3,0,3,1,122.23293117947223,137.52608748681632
2023-03-20,4,0,3,1,138.1144431288353,149.2414554939054
2023-03-21,1,1,3,1,95.67714191856251,117.00563521168678
2023-03-21,2,1,3,0,118.54212640980221,120.06151856415671
2023-03-21,3,1,3,0,122.42401126048169,122.39382818832141
2023-03-21,4,1,3,0,134.66464231006137,124.01559472345086
2023-03-22,1,2,3,0,97.87367290866892,91.27906590214103
2023-03-22,2,2,3,0,129.35577723997255,99.62589080524342
2023-03-22,3,2,3,0,122.047771947199,113.89338618431246
2023-03-22,4,2,3,0,136.83510129193968,117.78107341716571
2023-03-23,1,3,3,0,100.25638853956276,116.02775785948131
2023-03-23,2,3,3,1,99.720242375329,143.8649687669381
2023-03-23,3,3,3,0,141.06202328987692,119.20389653104769
2023-03-23,4,3,3,0,129.8718726720995,130.9982811299499
2023-03-24,1,4,3,0,112.7147699773935,105.70791362989075
2023-03-24,2,4,3,0,105.16338244691482,112.56210425183818
2023-03-24,3,4,3,1,120.01188802255322,142.47368411075996
2023-03-24,4,4,3,0,126.59664045321162,143.68487522379246
2023-03-25,1,5,3,0,135.10953672741334,124.45258410299395
2023-03-25,2,5,3,0,132.62030735183674,125.92959259433803
2023-03-25,3,5,3,0,167.18275008599224,142.5939043299939
2023-03-25,4,5,3,0,150.43807406158854,159.37554952022572
2023-03-26,1,6,3,0,119.24549413561141,115.74689681873528
2023-03-26,2,6,3,0,130.90880632742756,126.98100700012414
2023-03-26,3,6,3,0,152.38847577812027,142.3640654881572
2023-03-26,4,6,3,0,145.77213970220927,165.8125710231634
2023-03-27,1,0,3,0,100.04219617178309,93.76169843656487
2023-03-27,2,0,3,0,102.4592498476409,111.6287896489203
2023-03-27,3,0,3,0,137.52608748681632,123.03306306123893
2023-03-27,4,0,3,0,149.2414554939054,126.93561703300777
2023-03-28,1,1,3,1,117.00563521168678,117.36013215727375
2023-03-28,2,1,3,0,120.06151856415671,115.25703499105151
2023-03-28,3,1,3,0,122.39382818832141,126.48203165736851
2023-03-28,4,1,3,0,124.01559472345086,139.84420164179448
2023-03-29,1,2,3,0,91.27906590214103,88.77649940544305
2023-03-29,2,2,3,0,99.62589080524342,96.7841068853914
2023-03-29,3,2,3,0,113.89338618431246,116.23743628017945
2023-03-29,4,2,3,0,117.78107341716571,133.64525994382907
2023-03-30,1,3,3,0,116.02775785948131,111.63273005128347
2023-03-30,2,3,3,0,143.8649687669381,104.91847929104875
2023-03-30,3,3,3,0,119.20389653104769,124.662004780913
2023-03-30,4,3,3,0,130.9982811299499,129.01048901304034
2023-03-31,1,4,3,0,105.70791362989075,98.05089339112094
2023-03-31,2,4,3,1,112.56210425183818,133.3724597866229
2023-03-31,3,4,3,0,142.47368411075996,129.1655902567581
2023-03-31,4,4,3,0,143.68487522379246,142.63702234921846
2023-04-01,1,5,4,0,124.45258410299395,125.84031877906786
2023-04-01,2,5,4,0,125.92959259433803,136.7963574574835
2023-04-01,3,5,4,0,142.5939043299939,132.53489361519382
2023-04-01,4,5,4,0,159.37554952022572,150.11540350524788
2023-04-02,1,6,4,0,115.74689681873528,112.10488699874337
2023-04-02,2,6,4,0,126.98100700012414,136.4487231527267
2023-04-02,3,6,4,1,142.3640654881572,147.58947074935165
2023-04-02,4,6,4,0,165.8125710231634,137.4817811452458
2023-04-03,1,0,4,0,93.76169843656487,100.82235635310617
2023-04-03,2,0,4,0,111.6287896489203,122.11592322874145
2023-04-03,3,0,4,0,123.03306306123893,129.7765414663513
2023-04-03,4,0,4,0,126.93561703300777,139.67505010566492
2023-04-04,1,1,4,0,117.36013215727375,98.85818034318851
2023-04-04,2,1,4,1,115.25703499105151,140.0150516913747
2023-04-04,3,1,4,1,126.48203165736851,134.52188104590894
2023-04-04,4,1,4,0,139.84420164179448,135.93917865801114
2023-04-05,1,2,4,0,88.77649940544305,86.44703125144794
2023-04-05,2,2,4,0,96.7841068853914,102.74614579257057
2023-04-05,3,2,4,1,116.23743628017945,139.2130053939651
2023-04-05,4,2,4,0,133.64525994382907,133.99172147394307
2023-04-06,1,3,4,1,111.63273005128347,133.18163061167965
2023-04-06,2,3,4,0,104.91847929104875,109.25600173071356
2023-04-06,3,3,4,0,124.662004780913,127.30691305081248
2023-04-06,4,3,4,0,129.01048901304034,123.89371997291506
2023-04-07,1,4,4,1,98.05089339112094,116.32680627632536
2023-04-07,2,4,4,0,133.3724597866229,118.06842613285299
2023-04-07,3,4,4,0,129.1655902567581,114.1493831439586
2023-04-07,4,4,4,0,142.63702234921846,134.901992552703
2023-04-08,1,5,4,0,125.84031877906786,106.53593938906536
2023-04-08,2,5,4,0,136.7963574574835,135.18285741915173
2023-04-08,3,5,4,1,132.53489361519382,169.1475831713989
2023-04-08,4,5,4,1,150.11540350524788,184.8441217568326
2023-04-09,1,6,4,0,112.10488699874337,120.53891920292563
2023-04-09,2,6,4,0,136.4487231527267,125.76204995641689
2023-04-09,3,6,4,0,147.58947074935165,134.07181108252027
2023-04-09,4,6,4,0,137.4817811452458,153.71337146212332
2023-04-10,1,0,4,0,100.82235635310617,97.3513299116527
2023-04-10,2,0,4,0,122.11592322874145,113.41669419242818
2023-04-10,3,0,4,1,129.7765414663513,137.11916649764999
2023-04-10,4,0,4,0,139.67505010566492,121.40114260853213
2023-04-11,1,1,4,1,98.85818034318851,122.09290123580473
2023-04-11,2,1,4,0,140.0150516913747,105.70541430329398
2023-04-11,3,1,4,1,134.52188104590894,134.32213664205543
2023-04-11,4,1,4,1,135.93917865801114,158.32300059688575
2023-04-12,1,2,4,0,86.44703125144794,98.11698410062723
2023-04-12,2,2,4,1,102.74614579257057,119.45545816162932
2023-04-12,3,2,4,0,139.2130053939651,116.14041599086347
2023-04-12,4,2,4,1,133.99172147394307,157.7980211799551
2023-04-13,1,3,4,0,133.18163061167965,80.99092803716508
2023-04-13,2,3,4,0,109.25600173071356,108.4389541467899
2023-04-13,3,3,4,0,127.30691305081248,126.12287067623313
2023-04-13,4,3,4,0,123.89371997291506,138.91676339160728
2023-04-14,1,4,4,0,116.32680627632536,90.6464626830703
2023-04-14,2,4,4,0,118.06842613285299,107.96306349330214
2023-04-14,3,4,4,0,114.1493831439586,117.21439700907321
2023-04-14,4,4,4,0,134.901992552703,135.5709720544399
2023-04-15,1,5,4,0,106.53593938906536,108.36708590998326
2023-04-15,2,5,4,0,135.18285741915173,123.33948327764364
2023-04-15,3,5,4,0,169.1475831713989,147.81346018633775
2023-04-15,4,5,4,0,184.8441217568326,143.65795667608498
2023-04-16,1,6,4,0,120.53891920292563,122.71952518426137
2023-04-16,2,6,4,0,125.76204995641689,131.6826805988604
2023-04-16,3,6,4,1,134.07181108252027,161.749571093121
2023-04-16,4,6,4,0,153.71337146212332,151.5618939935122
2023-04-17,1,0,4,0,97.3513299116527,97.63735678616861
2023-04-17,2,0,4,0,113.41669419242818,107.50073348569715
2023-04-17,3,0,4,0,137.11916649764999,122.44669226149982
2023-04-17,4,0,4,1,121.40114260853213,152.96185055319904
2023-04-18,1,1,4,1,122.09290123580473,123.30041834500737
2023-04-18,2,1,4,1,105.70541430329398,134.5000984522256
2023-04-18,3,1,4,0,134.32213664205543,114.88851264829182
2023-04-18,4,1,4,0,158.32300059688575,134.48555689544392
2023-04-19,1,2,4,0,98.11698410062723,94.77092009051758
2023-04-19,2,2,4,0,119.45545816162932,115.40667657209691
2023-04-19,3,2,4,1,116.14041599086347,153.1161641773948
2023-04-19,4,2,4,1,157.7980211799551,163.3519496259466
2023-04-20,1,3,4,0,80.99092803716508,101.69722834144467
2023-04-20,2,3,4,0,108.4389541467899,128.48791924200464
2023-04-20,3,3,4,0,126.12287067623313,127.62854021158486
2023-04-20,4,3,4,1,138.91676339160728,149.88468790457955
2023-04-21,1,4,4,0,90.6464626830703,96.15625941141406
2023-04-21,2,4,4,0,107.96306349330214,108.5710081170882
2023-04-21,3,4,4,1,117.21439700907321,149.3828159332731
2023-04-21,4,4,4,0,135.5709720544399,147.64061251935163
2023-04-22,1,5,4,0,108.36708590998326,113.60143431036927
2023-04-22,2,5,4,0,123.33948327764364,136.9234219677446
2023-04-22,3,5,4,1,147.81346018633775,160.16645716334756
2023-04-22,4,5,4,1,143.65795667608498,176.26999683664613
2023-04-23,1,6,4,0,122.71952518426137,116.80489171304295
2023-04-23,2,6,4,1,131.6826805988604,151.18404427240085
2023-04-23,3,6,4,0,161.749571093121,129.40236395975157
2023-04-23,4,6,4,0,151.5618939935122,157.72429630209186
2023-04-24,1,0,4,1,97.63735678616861,120.11622309843625
2023-04-24,2,0,4,0,107.50073348569715,111.64795178456652
2023-04-24,3,0,4,0,122.44669226149982,122.87641129809121
2023-04-24,4,0,4,0,152.96185055319904,138.54549154262912
2023-04-25,1,1,4,0,123.30041834500737,117.53209714568463
2023-04-25,2,1,4,0,134.5000984522256,108.67774162380739
2023-04-25,3,1,4,0,114.88851264829182,125.76119949255285
2023-04-25,4,1,4,0,134.48555689544392,135.9401293797859
2023-04-26,1,2,4,0,94.77092009051758,90.5663580409427
2023-04-26,2,2,4,0,115.40667657209691,110.47329246035792
2023-04-26,3,2,4,1,153.1161641773948,147.8452381708337
2023-04-26,4,2,4,0,163.3519496259466,137.40197146232697
2023-04-27,1,3,4,0,101.69722834144467,85.68476883071725
2023-04-27,2,3,4,0,128.48791924200464,107.57294954426219
2023-04-27,3,3,4,0,127.62854021158486,124.69543600719247
2023-04-27,4,3,4,1,149.88468790457955,130.80806267884287
2023-04-28,1,4,4,0,96.15625941141406,99.91714487413599
2023-04-28,2,4,4,0,108.5710081170882,117.30055974822497
2023-04-28,3,4,4,0,149.3828159332731,124.3499522505263
2023-04-28,4,4,4,1,147.64061251935163,160.52952846380737
2023-04-29,1,5,4,1,113.60143431036927,131.5596341434644
2023-04-29,2,5,4,0,136.9234219677446,121.58418406380545
2023-04-29,3,5,4,0,160.16645716334756,134.03485342083565
2023-04-29,4,5,4,0,176.26999683664613,144.20601113529858
2023-04-30,1,6,4,0,116.80489171304295,98.21399260750403
2023-04-30,2,6,4,1,151.18404427240085,137.38694962315856
2023-04-30,3,6,4,1,129.40236395975157,156.40348476837838
2023-04-30,4,6,4,1,157.72429630209186,172.57161727574461
2023-05-01,1,0,5,0,120.11622309843625,84.50068470512349
2023-05-01,2,0,5,0,111.64795178456652,100.69750922914288
2023-05-01,3,0,5,1,122.87641129809121,130.00056515918277
2023-05-01,4,0,5,0,138.54549154262912,131.4909850329733
2023-05-02,1,1,5,0,117.53209714568463,110.68833568473738
2023-05-02,2,1,5,0,108.67774162380739,99.88397287290019
2023-05-02,3,1,5,0,125.76119949255285,125.52548139776039
2023-05-02,4,1,5,0,135.9401293797859,137.35593515240456
2023-05-03,1,2,5,0,90.5663580409427,85.9851137746593
2023-05-03,2,2,5,0,110.47329246035792,100.69347037710736
2023-05-03,3,2,5,0,147.8452381708337,132.7775676155505
2023-05-03,4,2,5,0,137.40197146232697,121.81585797268637
2023-05-04,1,3,5,0,85.68476883071725,78.93817286914695
2023-05-04,2,3,5,1,107.57294954426219,125.86883598284959
2023-05-04,3,3,5,1,124.69543600719247,163.25409932088508
2023-05-04,4,3,5,0,130.80806267884287,125.18303278385535
2023-05-05,1,4,5,0,99.91714487413599,110.03397689622639
2023-05-05,2,4,5,0,117.30055974822497,100.72150929425153
2023-05-05,3,4,5,1,124.3499522505263,141.04154681404813
2023-05-05,4,4,5,0,160.52952846380737,126.17522934865755
2023-05-06,1,5,5,0,131.5596341434644,102.22571537236288
2023-05-06,2,5,5,0,121.58418406380545,121.7580003055617
2023-05-06,3,5,5,0,134.03485342083565,137.97860448048243
2023-05-06,4,5,5,0,144.20601113529858,148.18982540736218
2023-05-07,1,6,5,0,98.21399260750403,134.24053735392326
2023-05-07,2,6,5,0,137.38694962315856,118.74498004845795
2023-05-07,3,6,5,0,156.40348476837838,134.08866885557532
2023-05-07,4,6,5,0,172.57161727574461,144.6382663430347
2023-05-08,1,0,5,1,84.50068470512349,112.05400834569575
2023-05-08,2,0,5,0,100.69750922914288,108.28169612543641
2023-05-08,3,0,5,0,130.00056515918277,118.91319427706769
2023-05-08,4,0,5,0,131.4909850329733,133.04708051628288
2023-05-09,1,1,5,1,110.68833568473738,128.82958115524474
2023-05-09,2,1,5,0,99.88397287290019,123.99685240021145
2023-05-09,3,1,5,0,125.52548139776039,109.72801844389026
2023-05-09,4,1,5,0,137.35593515240456,115.34690154932578
2023-05-10,1,2,5,0,85.9851137746593,91.03777723246313
2023-05-10,2,2,5,0,100.69347037710736,106.6290654296784
2023-05-10,3,2,5,1,132.7775676155505,137.92778223352508
2023-05-10,4,2,5,0,121.81585797268637,127.56063908716173
2023-05-11,1,3,5,0,78.93817286914695,96.47812859573295
2023-05-11,2,3,5,0,125.86883598284959,101.05278927693857
2023-05-11,3,3,5,0,163.25409932088508,110.78820473481309
2023-05-11,4,3,5,0,125.18303278385535,141.36717183822918
2023-05-12,1,4,5,0,110.03397689622639,91.92941628387167
2023-05-12,2,4,5,0,100.72150929425153,86.3970290010057
2023-05-12,3,4,5,1,141.04154681404813,136.8921819985677
2023-05-12,4,4,5,0,126.17522934865755,126.6583666846281
2023-05-13,1,5,5,1,102.22571537236288,131.09461004820267
2023-05-13,2,5,5,0,121.7580003055617,138.22325969819335
2023-05-13,3,5,5,1,137.97860448048243,151.41422832213942
2023-05-13,4,5,5,0,148.18982540736218,149.90846772049008
2023-05-14,1,6,5,1,134.24053735392326,134.85735911701005
2023-05-14,2,6,5,0,118.74498004845795,125.07846285444407
2023-05-14,3,6,5,1,134.08866885557532,161.3733362609319
2023-05-14,4,6,5,0,144.6382663430347,153.94962140185348
2023-05-15,1,0,5,1,112.05400834569575,118.77230818036111
2023-05-15,2,0,5,0,108.28169612543641,103.68837199978402
2023-05-15,3,0,5,0,118.91319427706769,122.4129164142122
2023-05-15,4,0,5,0,133.04708051628288,131.64245849742036
2023-05-16,1,1,5,0,128.82958115524474,94.24343462134773
2023-05-16,2,1,5,0,123.99685240021145,86.79410877022599
2023-05-16,3,1,5,0,109.72801844389026,119.72352354801237
2023-05-16,4,1,5,1,115.34690154932578,166.1236719461956
2023-05-17,1,2,5,0,91.03777723246313,93.42524278062294
2023-05-17,2,2,5,0,106.6290654296784,104.09465272216882
2023-05-17,3,2,5,0,137.92778223352508,112.0428561358879
2023-05-17,4,2,5,0,127.56063908716173,129.35311117332475
2023-05-18,1,3,5,0,96.47812859573295,87.22753573165723
2023-05-18,2,3,5,0,101.05278927693857,106.01277368222155
2023-05-18,3,3,5,0,110.78820473481309,107.49288916321385
2023-05-18,4,3,5,1,141.36717183822918,155.459172457549
2023-05-19,1,4,5,1,91.92941628387167,114.22170721269208
2023-05-19,2,4,5,0,86.3970290010057,100.7725909510758
2023-05-19,3,4,5,0,136.8921819985677,122.5088936078311
2023-05-19,4,4,5,0,126.6583666846281,130.5171239921791
2023-05-20,1,5,5,0,131.09461004820267,123.58683921980194
2023-05-20,2,5,5,1,138.22325969819335,134.29294070940924
2023-05-20,3,5,5,0,151.41422832213942,135.31450452819436
2023-05-20,4,5,5,0,149.90846772049008,157.37645757192928
2023-05-21,1,6,5,0,134.85735911701005,104.89554232244186
2023-05-21,2,6,5,1,125.07846285444407,133.81851069505277
2023-05-21,3,6,5,0,161.3733362609319,120.90968476285964
2023-05-21,4,6,5,0,153.94962140185348,143.5431059163759
2023-05-22,1,0,5,0,118.77230818036111,95.08926173526525
2023-05-22,2,0,5,1,103.68837199978402,142.3835695525326
2023-05-22,3,0,5,0,122.4129164142122,118.41695864004024
2023-05-22,4,0,5,0,131.64245849742036,144.9278950391091
2023-05-23,1,1,5,1,94.24343462134773,124.52914362471093
2023-05-23,2,1,5,1,86.79410877022599,127.78083193996352
2023-05-23,3,1,5,0,119.72352354801237,120.0401863923889
2023-05-23,4,1,5,0,166.1236719461956,123.67187348831683
2023-05-24,1,2,5,1,93.42524278062294,118.8411472271329
2023-05-24,2,2,5,0,104.09465272216882,100.76582154640086
2023-05-24,3,2,5,0,112.0428561358879,105.01568179687163
2023-05-24,4,2,5,0,129.35311117332475,142.2711773408905
2023-05-25,1,3,5,1,87.22753573165723,122.41950785246544
2023-05-25,2,3,5,0,106.01277368222155,105.30018585871679
2023-05-25,3,3,5,0,107.49288916321385,121.5193382501833
2023-05-25,4,3,5,0,155.459172457549,120.9780959028113
2023-05-26,1,4,5,0,114.22170721269208,84.11655452468418
2023-05-26,2,4,5,0,100.7725909510758,104.75333988732652
2023-05-26,3,4,5,1,122.5088936078311,128.05646178094509
2023-05-26,4,4,5,0,130.5171239921791,133.7270565879331
2023-05-27,1,5,5,0,123.58683921980194,113.10973763485215
2023-05-27,2,5,5,0,134.29294070940924,111.46417011487989
2023-05-27,3,5,5,0,135.31450452819436,129.2141145124733
2023-05-27,4,5,5,1,157.37645757192928,168.6646561426018
2023-05-28,1,6,5,0,104.89554232244186,108.66263051357156
2023-05-28,2,6,5,0,133.81851069505277,130.31699243189476
2023-05-28,3,6,5,0,120.90968476285964,124.10359335317878
2023-05-28,4,6,5,0,143.5431059163759,153.76900196724483
2023-05-29,1,0,5,1,95.08926173526525,112.98418097434492
2023-05-29,2,0,5,0,142.3835695525326,103.48355590768577
2023-05-29,3,0,5,0,118.41695864004024,110.42531762873956
2023-05-29,4,0,5,0,144.9278950391091,132.1084134502337
2023-05-30,1,1,5,0,124.52914362471093,104.77193578394525
2023-05-30,2,1,5,0,127.78083193996352,105.89080343518489
2023-05-30,3,1,5,0,120.0401863923889,107.55524528197208
2023-05-30,4,1,5,0,123.67187348831683,135.29667553678564
2023-05-31,1,2,5,0,118.8411472271329,91.10519788392253
2023-05-31,2,2,5,1,100.76582154640086,138.81914931979736
2023-05-31,3,2,5,1,105.01568179687163,147.46842252913453
2023-05-31,4,2,5,1,142.2711773408905,142.73330003208775
2023-06-01,1,3,6,0,122.41950785246544,89.3679519174968
2023-06-01,2,3,6,0,105.30018585871679,88.5055746737823
2023-06-01,3,3,6,0,121.5193382501833,109.34843393271568
2023-06-01,4,3,6,0,120.9780959028113,110.47897284399679
2023-06-02,1,4,6,1,84.11655452468418,94.94622574017134
2023-06-02,2,4,6,0,104.75333988732652,92.8027851499035
2023-06-02,3,4,6,0,128.05646178094509,107.65385287708952
2023-06-02,4,4,6,1,133.7270565879331,135.57768185839302
2023-06-03,1,5,6,0,113.10973763485215,118.81880171331348
2023-06-03,2,5,6,1,111.46417011487989,141.51055216085697
2023-06-03,3,5,6,0,129.2141145124733,138.30796651445178
2023-06-03,4,5,6,0,168.6646561426018,131.4047853934077
2023-06-04,1,6,6,0,108.66263051357156,111.91062410958551
2023-06-04,2,6,6,0,130.31699243189476,124.14284653058364
2023-06-04,3,6,6,0,124.10359335317878,137.83596020164455
2023-06-04,4,6,6,0,153.76900196724483,132.6487058032843
2023-06-05,1,0,6,0,112.98418097434492,86.50940523336922
2023-06-05,2,0,6,0,103.48355590768577,94.04842757926909
2023-06-05,3,0,6,1,110.42531762873956,130.2572427767213
2023-06-05,4,0,6,0,132.1084134502337,118.15640409702428
2023-06-06,1,1,6,0,104.77193578394525,84.32435062115299
2023-06-06,2,1,6,0,105.89080343518489,94.4748900131597
2023-06-06,3,1,6,1,107.55524528197208,135.56359611076832
2023-06-06,4,1,6,0,135.29667553678564,118.0916595256868
2023-06-07,1,2,6,0,91.10519788392253,91.66124193590166
2023-06-07,2,2,6,0,138.81914931979736,104.03037034888243
2023-06-07,3,2,6,1,147.46842252913453,128.61323569707986
2023-06-07,4,2,6,0,142.73330003208775,122.8481392025531
2023-06-08,1,3,6,0,89.3679519174968,96.41929511182155
2023-06-08,2,3,6,0,88.5055746737823,117.14115363119404
2023-06-08,3,3,6,0,109.34843393271568,110.5078745631629
2023-06-08,4,3,6,0,110.47897284399679,116.3169576892157
2023-06-09,1,4,6,0,94.94622574017134,100.95147620934233
2023-06-09,2,4,6,0,92.8027851499035,99.56335301861832
2023-06-09,3,4,6,0,107.65385287708952,102.79856644444659
2023-06-09,4,4,6,0,135.57768185839302,116.87923098482067
2023-06-10,1,5,6,0,118.81880171331348,111.62390541437647
2023-06-10,2,5,6,0,141.51055216085697,110.77915257801386
2023-06-10,3,5,6,0,138.30796651445178,132.73063017736334
2023-06-10,4,5,6,0,131.4047853934077,139.11000293901049
2023-06-11,1,6,6,0,111.91062410958551,105.53236652687364
2023-06-11,2,6,6,0,124.14284653058364,108.54276100689381
2023-06-11,3,6,6,0,137.83596020164455,138.666102603844
2023-06-11,4,6,6,0,132.6487058032843,148.93515471760477
2023-06-12,1,0,6,0,86.50940523336922,94.91667147675882
2023-06-12,2,0,6,0,94.04842757926909,97.84572497183797
2023-06-12,3,0,6,0,130.2572427767213,119.01467175639526
2023-06-12,4,0,6,0,118.15640409702428,119.41549812686202
2023-06-13,1,1,6,0,84.32435062115299,93.25880273934129
2023-06-13,2,1,6,1,94.4748900131597,127.73701567310107
2023-06-13,3,1,6,0,135.56359611076832,111.6829710528207
2023-06-13,4,1,6,0,118.0916595256868,122.3294198279843
2023-06-14,1,2,6,0,91.66124193590166,87.56318016983997
2023-06-14,2,2,6,0,104.03037034888243,121.47655176077114
2023-06-14,3,2,6,0,128.61323569707986,96.2470363906598
2023-06-14,4,2,6,0,122.8481392025531,123.5639698321693
2023-06-15,1,3,6,0,96.41929511182155,93.00695190985007
2023-06-15,2,3,6,0,117.14115363119404,96.5120888006058
2023-06-15,3,3,6,1,110.5078745631629,128.26416953816016
2023-06-15,4,3,6,1,116.3169576892157,137.4405293150392
2023-06-16,1,4,6,0,100.95147620934233,92.84619752910916
2023-06-16,2,4,6,0,99.56335301861832,99.57614113533641
2023-06-16,3,4,6,0,102.79856644444659,110.49802652825059
2023-06-16,4,4,6,1,116.87923098482067,142.13114117169096
2023-06-17,1,5,6,0,111.62390541437647,104.4643746168144
2023-06-17,2,5,6,0,110.77915257801386,130.6487340650211
2023-06-17,3,5,6,0,132.73063017736334,118.61593260686831
2023-06-17,4,5,6,0,139.11000293901049,135.44272517296912
2023-06-18,1,6,6,0,105.53236652687364,100.8537612610698
2023-06-18,2,6,6,0,108.54276100689381,119.3753269658889
2023-06-18,3,6,6,1,138.666102603844,139.37793962590283
2023-06-18,4,6,6,0,148.93515471760477,148.08548522922186
2023-06-19,1,0,6,0,94.91667147675882,92.10027048718158
2023-06-19,2,0,6,0,97.84572497183797,100.68533502179696
2023-06-19,3,0,6,1,119.01467175639526,145.07896546496252
2023-06-19,4,0,6,0,119.41549812686202,129.36194409659007
2023-06-20,1,1,6,0,93.25880273934129,78.8902610684768
2023-06-20,2,1,6,0,127.73701567310107,110.69884210778689
2023-06-20,3,1,6,1,111.6829710528207,139.95808949731966
2023-06-20,4,1,6,0,122.3294198279843,116.70398413221966
2023-06-21,1,2,6,0,87.56318016983997,77.26751880495098
2023-06-21,2,2,6,1,121.47655176077114,121.76351230790189
2023-06-21,3,2,6,0,96.2470363906598,115.36635007879963
2023-06-21,4,2,6,0,123.5639698321693,122.18134322053339
2023-06-22,1,3,6,1,93.00695190985007,111.49607577240995
2023-06-22,2,3,6,0,96.5120888006058,91.13267217072776
2023-06-22,3,3,6,0,128.26416953816016,116.93025413588018
2023-06-22,4,3,6,0,137.4405293150392,127.4657486043803
2023-06-23,1,4,6,0,92.84619752910916,91.87009177779552
2023-06-23,2,4,6,0,99.57614113533641,108.70306953378525
2023-06-23,3,4,6,1,110.49802652825059,123.78725173273635
2023-06-23,4,4,6,1,142.13114117169096,147.20378088774228
2023-06-24,1,5,6,0,104.4643746168144,107.43493383224208
2023-06-24,2,5,6,0,130.6487340650211,104.26389598206836
2023-06-24,3,5,6,1,118.61593260686831,144.17845508292143
2023-06-24,4,5,6,0,135.44272517296912,144.0564605957
2023-06-25,1,6,6,0,100.8537612610698,108.31112228298154
2023-06-25,2,6,6,1,119.3753269658889,147.12412173186343
2023-06-25,3,6,6,0,139.37793962590283,131.0659694959778
2023-06-25,4,6,6,1,148.08548522922186,155.48349806517794
2023-06-26,1,0,6,0,92.10027048718158,70.49409378556206
2023-06-26,2,0,6,1,100.68533502179696,120.93676387701412
2023-06-26,3,0,6,0,145.07896546496252,113.69565340848152
2023-06-26,4,0,6,0,129.36194409659007,135.9129113841959
2023-06-27,1,1,6,0,78.8902610684768,91.72725058234684
2023-06-27,2,1,6,0,110.69884210778689,96.59388332122612
2023-06-27,3,1,6,0,139.95808949731966,100.20106070163428
2023-06-27,4,1,6,0,116.70398413221966,118.01416653243092
2023-06-28,1,2,6,1,77.26751880495098,120.80759238442808
2023-06-28,2,2,6,0,121.76351230790189,96.39441511941017
2023-06-28,3,2,6,0,115.36635007879963,112.48667662015133
2023-06-28,4,2,6,0,122.18134322053339,117.80701502689394
2023-06-29,1,3,6,0,111.49607577240995,93.77267188674723
2023-06-29,2,3,6,0,91.13267217072776,97.81542076361796
2023-06-29,3,3,6,0,116.93025413588018,110.64213652649705
2023-06-29,4,3,6,0,127.4657486043803,112.73481757917072
2023-06-30,1,4,6,0,91.87009177779552,93.51010951972968
2023-06-30,2,4,6,0,108.70306953378525,95.45590277406826
2023-06-30,3,4,6,0,123.78725173273635,118.72903744803286
2023-06-30,4,4,6,0,147.20378088774228,121.43996497876465
2023-07-01,1,5,7,0,107.43493383224208,100.86302416109734
2023-07-01,2,5,7,0,104.26389598206836,114.53963683975769
2023-07-01,3,5,7,0,144.17845508292143,125.73602765936818
2023-07-01,4,5,7,0,144.0564605957,143.85727428354636
2023-07-02,1,6,7,0,108.31112228298154,101.1627459142538
2023-07-02,2,6,7,0,147.12412173186343,107.72280857305599
2023-07-02,3,6,7,0,131.0659694959778,136.15441368186953
2023-07-02,4,6,7,0,155.48349806517794,137.12254144062388
2023-07-03,1,0,7,0,70.49409378556206,79.81977055807718
2023-07-03,2,0,7,0,120.93676387701412,77.63267259283855
2023-07-03,3,0,7,0,113.69565340848152,102.3005619671506
2023-07-03,4,0,7,0,135.9129113841959,116.0317726737602
2023-07-04,1,1,7,1,91.72725058234684,106.06715091482796
2023-07-04,2,1,7,0,96.59388332122612,92.99549522301633
2023-07-04,3,1,7,0,100.20106070163428,96.26254138330434
2023-07-04,4,1,7,0,118.01416653243092,122.72956591770141
2023-07-05,1,2,7,0,120.80759238442808,72.53171134417272
2023-07-05,2,2,7,0,96.39441511941017,100.68587446075571
2023-07-05,3,2,7,0,112.48667662015133,117.89528381973992
2023-07-05,4,2,7,1,117.80701502689394,147.63299023459368
2023-07-06,1,3,7,0,93.77267188674723,92.85164438127178
2023-07-06,2,3,7,0,97.81542076361796,77.20932904112829
2023-07-06,3,3,7,0,110.64213652649705,108.1611425522538
2023-07-06,4,3,7,0,112.73481757917072,123.34277694814143
2023-07-07,1,4,7,0,93.51010951972968,74.42199986167743
2023-07-07,2,4,7,0,95.45590277406826,92.94306515897188
2023-07-07,3,4,7,1,118.72903744803286,126.68856639612127
2023-07-07,4,4,7,0,121.43996497876465,102.49929306745086
2023-07-08,1,5,7,0,100.86302416109734,105.75508152388257
2023-07-08,2,5,7,0,114.53963683975769,107.30298339862044
2023-07-08,3,5,7,0,125.73602765936818,116.45201918071692
2023-07-08,4,5,7,0,143.85727428354636,140.802592505173
2023-07-09,1,6,7,0,101.1627459142538,109.63168472349591
2023-07-09,2,6,7,0,107.72280857305599,118.46111074392896
2023-07-09,3,6,7,0,136.15441368186953,120.39005054700938
2023-07-09,4,6,7,0,137.12254144062388,138.37749329149952
2023-07-10,1,0,7,0,79.81977055807718,87.7345605351205
2023-07-10,2,0,7,0,77.63267259283855,90.91337233276333
2023-07-10,3,0,7,0,102.3005619671506,101.98245700168744
2023-07-10,4,0,7,0,116.0317726737602,110.54602998843527
2023-07-11,1,1,7,1,106.06715091482796,121.62122480276868
2023-07-11,2,1,7,0,92.99549522301633,99.15388966429703
2023-07-11,3,1,7,1,96.26254138330434,117.94410847938431
2023-07-11,4,1,7,0,122.72956591770141,120.4115793295862
2023-07-12,1,2,7,0,72.53171134417272,64.97182166346789
2023-07-12,2,2,7,0,100.68587446075571,98.15646729587183
2023-07-12,3,2,7,0,117.89528381973992,88.12039482496023
2023-07-12,4,2,7,0,147.63299023459368,125.87539351353645
2023-07-13,1,3,7,0,92.85164438127178,77.3384045523454
2023-07-13,2,3,7,0,77.20932904112829,98.39035514934206
2023-07-13,3,3,7,0,108.1611425522538,101.80223954968189
2023-07-13,4,3,7,0,123.34277694814143,112.33181296967167
2023-07-14,1,4,7,1,74.42199986167743,113.47640547888422
2023-07-14,2,4,7,0,92.94306515897188,105.47052998239269
2023-07-14,3,4,7,0,126.68856639612127,111.14883012397095
2023-07-14,4,4,7,0,102.49929306745086,123.9486555018713
2023-07-15,1,5,7,0,105.75508152388257,88.98682228715089
2023-07-15,2,5,7,0,107.30298339862044,109.1883633236469
2023-07-15,3,5,7,0,116.45201918071692,133.43610957692442
2023-07-15,4,5,7,0,140.802592505173,137.2990456771484
2023-07-16,1,6,7,0,109.63168472349591,92.64690967979661
2023-07-16,2,6,7,0,118.46111074392896,111.45928057150526
2023-07-16,3,6,7,0,120.39005054700938,131.07279842987205
2023-07-16,4,6,7,1,138.37749329149952,135.03508908018097
2023-07-17,1,0,7,0,87.7345605351205,85.19350274250216
2023-07-17,2,0,7,0,90.91337233276333,96.31693028021363
2023-07-17,3,0,7,0,101.98245700168744,113.58606265431325
2023-07-17,4,0,7,1,110.54602998843527,138.59322706312574
2023-07-18,1,1,7,0,121.62122480276868,69.69787292886107
2023-07-18,2,1,7,0,99.15388966429703,93.70370317064801
2023-07-18,3,1,7,0,117.94410847938431,96.77196607246984
2023-07-18,4,1,7,0,120.4115793295862,118.97682051864336
2023-07-19,1,2,7,0,64.97182166346789,81.43482868312306
2023-07-19,2,2,7,0,98.15646729587183,90.93035278651416
2023-07-19,3,2,7,0,88.12039482496023,107.21875343776172
2023-07-19,4,2,7,0,125.87539351353645,114.42771372276859
2023-07-20,1,3,7,0,77.3384045523454,84.6750861737329
2023-07-20,2,3,7,0,98.39035514934206,85.79446253029859
2023-07-20,3,3,7,0,101.80223954968189,109.43162804796259
2023-07-20,4,3,7,0,112.33181296967167,119.59881326808836
2023-07-21,1,4,7,1,113.47640547888422,104.10593145646945
2023-07-21,2,4,7,0,105.47052998239269,93.08788410822021
2023-07-21,3,4,7,1,111.14883012397095,131.96297915145087
2023-07-21,4,4,7,0,123.9486555018713,115.75149199342478
2023-07-22,1,5,7,1,88.98682228715089,122.83369099292055
2023-07-22,2,5,7,1,109.1883633236469,121.0210146392437
2023-07-22,3,5,7,1,133.43610957692442,144.51261556233652
2023-07-22,4,5,7,0,137.2990456771484,152.93470240008787
2023-07-23,1,6,7,1,92.64690967979661,115.36261389704094
2023-07-23,2,6,7,0,111.45928057150526,94.69817193812226
2023-07-23,3,6,7,0,131.07279842987205,124.21232636612213
2023-07-23,4,6,7,0,135.03508908018097,131.89332877493882
2023-07-24,1,0,7,1,85.19350274250216,104.57420877325566
2023-07-24,2,0,7,0,96.31693028021363,84.05355346234765
2023-07-24,3,0,7,0,113.58606265431325,121.49439322185287
2023-07-24,4,0,7,1,138.59322706312574,132.75086006173777
2023-07-25,1,1,7,1,69.69787292886107,99.85007062220342
2023-07-25,2,1,7,1,93.70370317064801,120.29102551913367
2023-07-25,3,1,7,0,96.77196607246984,112.80791959852672
2023-07-25,4,1,7,0,118.97682051864336,123.50606142975711
2023-07-26,1,2,7,0,81.43482868312306,78.87328966467697
2023-07-26,2,2,7,1,90.93035278651416,116.85025618194692
2023-07-26,3,2,7,0,107.21875343776172,109.12766781414275
2023-07-26,4,2,7,0,114.42771372276859,114.83460995725045
2023-07-27,1,3,7,1,84.6750861737329,109.63615233619258
2023-07-27,2,3,7,0,85.79446253029859,98.37691452077149
2023-07-27,3,3,7,0,109.43162804796259,110.63212059457324
2023-07-27,4,3,7,0,119.59881326808836,116.16170677081752
2023-07-28,1,4,7,0,104.10593145646945,70.6282213754019
2023-07-28,2,4,7,1,93.08788410822021,109.46453043060312
2023-07-28,3,4,7,0,131.96297915145087,101.44878690864995
2023-07-28,4,4,7,0,115.75149199342478,115.4960071878656
2023-07-29,1,5,7,0,122.83369099292055,80.33107104121356
2023-07-29,2,5,7,1,121.0210146392437,141.34994718176395
2023-07-29,3,5,7,0,144.51261556233652,128.18091181775648
2023-07-29,4,5,7,0,152.93470240008787,141.0256965186229
2023-07-30,1,6,7,1,115.36261389704094,126.99547119782193
2023-07-30,2,6,7,1,94.69817193812226,121.82430353799094
2023-07-30,3,6,7,0,124.21232636612213,124.10578740379442
2023-07-30,4,6,7,1,131.89332877493882,148.5946888061348
2023-07-31,1,0,7,0,104.57420877325566,82.58232065553482
2023-07-31,2,0,7,0,84.05355346234765,84.3231150205101
2023-07-31,3,0,7,0,121.49439322185287,111.90520590963311
2023-07-31,4,0,7,0,132.75086006173777,123.93117920286079
2023-08-01,1,1,8,0,99.85007062220342,87.22918421272827
2023-08-01,2,1,8,1,120.29102551913367,118.80048587331494
2023-08-01,3,1,8,1,112.80791959852672,117.24773437956095
2023-08-01,4,1,8,0,123.50606142975711,116.6498352820489
2023-08-02,1,2,8,1,78.87328966467697,92.45205382012973
2023-08-02,2,2,8,0,116.85025618194692,89.86555790207629
2023-08-02,3,2,8,0,109.12766781414275,106.79882460186566
2023-08-02,4,2,8,0,114.83460995725045,126.88728013762784
2023-08-03,1,3,8,1,109.63615233619258,97.82301938762572
2023-08-03,2,3,8,1,98.37691452077149,116.03588676578696
2023-08-03,3,3,8,1,110.63212059457324,120.10246364332049
2023-08-03,4,3,8,0,116.16170677081752,113.95334161147679
2023-08-04,1,4,8,0,70.6282213754019,77.34470842205961
2023-08-04,2,4,8,0,109.46453043060312,90.49225411970589
2023-08-04,3,4,8,0,101.44878690864995,106.83833289155498
2023-08-04,4,4,8,0,115.4960071878656,104.71185710821815
2023-08-05,1,5,8,0,80.33107104121356,89.85249233699686
2023-08-05,2,5,8,0,141.34994718176395,102.11324280638202
2023-08-05,3,5,8,0,128.18091181775648,120.87894316399053
2023-08-05,4,5,8,0,141.0256965186229,132.04106935139373
2023-08-06,1,6,8,0,126.99547119782193,87.50262432471752
2023-08-06,2,6,8,0,121.82430353799094,97.05277130879107
2023-08-06,3,6,8,0,124.10578740379442,119.12078957361196
2023-08-06,4,6,8,0,148.5946888061348,133.01669309740294
2023-08-07,1,0,8,0,82.58232065553482,83.03637530961555
2023-08-07,2,0,8,0,84.3231150205101,73.98053266305472
2023-08-07,3,0,8,0,111.90520590963311,98.51758002625671
2023-08-07,4,0,8,0,123.93117920286079,122.25308031612238
2023-08-08,1,1,8,0,87.22918421272827,65.55024303157042
2023-08-08,2,1,8,0,118.80048587331494,103.0790114912489
2023-08-08,3,1,8,0,117.24773437956095,100.33026115443802
2023-08-08,4,1,8,0,116.6498352820489,104.69412898154131
2023-08-09,1,2,8,1,92.45205382012973,90.28334364132647
2023-08-09,2,2,8,0,89.86555790207629,75.59901924557461
2023-08-09,3,2,8,1,106.79882460186566,119.42782847515129
2023-08-09,4,2,8,0,126.88728013762784,100.62281242140236
2023-08-10,1,3,8,1,97.82301938762572,97.55900194908493
2023-08-10,2,3,8,1,116.03588676578696,121.98454595397519
2023-08-10,3,3,8,1,120.10246364332049,120.35673521934113
2023-08-10,4,3,8,0,113.95334161147679,114.20773762033278
2023-08-11,1,4,8,0,77.34470842205961,84.0340710871346
2023-08-11,2,4,8,0,90.49225411970589,89.41927459978713
2023-08-11,3,4,8,1,106.83833289155498,126.51162612102344
2023-08-11,4,4,8,0,104.71185710821815,127.31659943416686
2023-08-12,1,5,8,1,89.85249233699686,112.3364932475983
2023-08-12,2,5,8,0,102.11324280638202,108.74158449839987
2023-08-12,3,5,8,0,120.87894316399053,105.58335744297705
2023-08-12,4,5,8,0,132.04106935139373,135.83927772197026
2023-08-13,1,6,8,0,87.50262432471752,89.37342894108629
2023-08-13,2,6,8,0,97.05277130879107,108.20477529787885
2023-08-13,3,6,8,0,119.12078957361196,124.72061039860105
2023-08-13,4,6,8,0,133.01669309740294,136.32774164253533
2023-08-14,1,0,8,0,83.03637530961555,75.0937404270955
2023-08-14,2,0,8,0,73.98053266305472,92.9505609504075
2023-08-14,3,0,8,0,98.51758002625671,106.86472106734466
2023-08-14,4,0,8,0,122.25308031612238,102.15983617228588
2023-08-15,1,1,8,0,65.55024303157042,79.50306998601748
2023-08-15,2,1,8,1,103.0790114912489,104.3422562608654
2023-08-15,3,1,8,0,100.33026115443802,98.74875723957257
2023-08-15,4,1,8,0,104.69412898154131,112.86022049290605
2023-08-16,1,2,8,0,90.28334364132647,73.8654059476717
2023-08-16,2,2,8,0,75.59901924557461,71.35951081418689
2023-08-16,3,2,8,0,119.42782847515129,102.02842408997547
2023-08-16,4,2,8,0,100.62281242140236,122.42602432772428
2023-08-17,1,3,8,0,97.55900194908493,85.1454744871626
2023-08-17,2,3,8,1,121.98454595397519,105.9549436803339
2023-08-17,3,3,8,0,120.35673521934113,93.27130358290066
2023-08-17,4,3,8,0,114.20773762033278,115.11302001324553
2023-08-18,1,4,8,0,84.0340710871346,85.52443471120576
2023-08-18,2,4,8,0,89.41927459978713,92.23184520508411
2023-08-18,3,4,8,0,126.51162612102344,103.97027779279577
2023-08-18,4,4,8,0,127.31659943416686,100.15396753749806
2023-08-19,1,5,8,1,112.3364932475983,115.55859491295998
2023-08-19,2,5,8,1,108.74158449839987,120.00180748542488
2023-08-19,3,5,8,0,105.58335744297705,112.1619498216844
2023-08-19,4,5,8,0,135.83927772197026,130.7029832845758
2023-08-20,1,6,8,0,89.37342894108629,110.21579563559713
2023-08-20,2,6,8,0,108.20477529787885,115.17813146602366
2023-08-20,3,6,8,0,124.72061039860105,96.97715371400001
2023-08-20,4,6,8,1,136.32774164253533,157.24185364977723
2023-08-21,1,0,8,1,75.0937404270955,99.16274423564897
2023-08-21,2,0,8,0,92.9505609504075,87.56748666259881
2023-08-21,3,0,8,0,106.86472106734466,110.68649420541827
2023-08-21,4,0,8,0,102.15983617228588,87.72379063363203
2023-08-22,1,1,8,0,79.50306998601748,85.21761641431782
2023-08-22,2,1,8,0,104.3422562608654,79.32039950349282
2023-08-22,3,1,8,0,98.74875723957257,92.4510190892472
2023-08-22,4,1,8,0,112.86022049290605,111.83798729116114
2023-08-23,1,2,8,0,73.8654059476717,79.27225813553278
2023-08-23,2,2,8,1,71.35951081418689,111.7862737984785
2023-08-23,3,2,8,0,102.02842408997547,100.16013169822459
2023-08-23,4,2,8,0,122.42602432772428,105.5619517888952
2023-08-24,1,3,8,0,85.1454744871626,79.11896084624716
2023-08-24,2,3,8,0,105.9549436803339,92.09136184224607
2023-08-24,3,3,8,0,93.27130358290066,102.33175890900078
2023-08-24,4,3,8,0,115.11302001324553,119.37708285880964
2023-08-25,1,4,8,0,85.52443471120576,63.89115520811498
2023-08-25,2,4,8,0,92.23184520508411,92.68626081679568
2023-08-25,3,4,8,1,103.97027779279577,126.49320682811086
2023-08-25,4,4,8,0,100.15396753749806,109.19901059273822
2023-08-26,1,5,8,0,115.55859491295998,85.66862225066987
2023-08-26,2,5,8,1,120.00180748542488,105.2704161090102
2023-08-26,3,5,8,0,112.1619498216844,118.84774746283426
2023-08-26,4,5,8,0,130.7029832845758,133.87722985344567
2023-08-27,1,6,8,1,110.21579563559713,114.26216246139664
2023-08-27,2,6,8,0,115.17813146602366,82.22663463176471
2023-08-27,3,6,8,0,96.97715371400001,121.03251023418937
2023-08-27,4,6,8,0,157.24185364977723,130.49302311849144
2023-08-28,1,0,8,0,99.16274423564897,85.45564211384512
2023-08-28,2,0,8,0,87.56748666259881,96.81047942864878
2023-08-28,3,0,8,0,110.68649420541827,98.5663817544151
2023-08-28,4,0,8,0,87.72379063363203,108.9122136404505
2023-08-29,1,1,8,0,85.21761641431782,79.3893627741944
2023-08-29,2,1,8,1,79.32039950349282,98.8782072948304
2023-08-29,3,1,8,0,92.4510190892472,88.79003144689848
2023-08-29,4,1,8,0,111.83798729116114,128.42349809949218
2023-08-30,1,2,8,0,79.27225813553278,74.33278445026598
2023-08-30,2,2,8,1,111.7862737984785,118.82294112515169
2023-08-30,3,2,8,0,100.16013169822459,100.54145608315004
2023-08-30,4,2,8,0,105.5619517888952,108.06015848484476
2023-08-31,1,3,8,0,79.11896084624716,81.56106409038988
2023-08-31,2,3,8,0,92.09136184224607,97.63962396228287
2023-08-31,3,3,8,1,102.33175890900078,127.60939059922246
2023-08-31,4,3,8,0,119.37708285880964,113.14514403181859
2023-09-01,1,4,9,0,63.89115520811498,83.51081226187486
2023-09-01,2,4,9,0,92.68626081679568,77.46083735646053
2023-09-01,3,4,9,0,126.49320682811086,91.27989820176391
2023-09-01,4,4,9,0,109.19901059273822,110.86052882440792
2023-09-02,1,5,9,0,85.66862225066987,93.05071249889815
2023-09-02,2,5,9,0,105.2704161090102,96.86220527118687
2023-09-02,3,5,9,0,118.84774746283426,118.80687869053241
2023-09-02,4,5,9,0,133.87722985344567,130.39855461616645
2023-09-03,1,6,9,0,114.26216246139664,94.7846379410022
2023-09-03,2,6,9,0,82.22663463176471,110.8594224781027
2023-09-03,3,6,9,0,121.03251023418937,132.02703305594503
2023-09-03,4,6,9,0,130.49302311849144,144.0470104560628
2023-09-04,1,0,9,0,85.45564211384512,75.73216142538567
2023-09-04,2,0,9,0,96.81047942864878,83.77126305184532
2023-09-04,3,0,9,0,98.5663817544151,98.4121707072768
2023-09-04,4,0,9,0,108.9122136404505,115.64498095557589
2023-09-05,1,1,9,0,79.3893627741944,74.54573444485847
2023-09-05,2,1,9,0,98.8782072948304,97.34807974767496
2023-09-05,3,1,9,0,88.79003144689848,98.81261632639348
2023-09-05,4,1,9,0,128.42349809949218,107.231997910006
2023-09-06,1,2,9,0,74.33278445026598,68.76414082619664
2023-09-06,2,2,9,0,118.82294112515169,99.83383283748012
2023-09-06,3,2,9,0,100.54145608315004,86.60594258924606
2023-09-06,4,2,9,0,108.06015848484476,122.75779011606836
2023-09-07,1,3,9,0,81.56106409038988,68.18770248651386
2023-09-07,2,3,9,0,97.63962396228287,77.7045247489593
2023-09-07,3,3,9,0,127.60939059922246,90.4103806982576
2023-09-07,4,3,9,0,113.14514403181859,117.06463989552073
2023-09-08,1,4,9,0,83.51081226187486,79.89988728440052
2023-09-08,2,4,9,0,77.46083735646053,80.5870492738524
2023-09-08,3,4,9,0,91.27989820176391,92.63456926663531
2023-09-08,4,4,9,0,110.86052882440792,107.37904848276845
2023-09-09,1,5,9,1,93.05071249889815,123.68229603556728
2023-09-09,2,5,9,0,96.86220527118687,105.758614877843
2023-09-09,3,5,9,0,118.80687869053241,121.67029236234359
2023-09-09,4,5,9,0,130.39855461616645,139.2707610146344
2023-09-10,1,6,9,1,94.7846379410022,112.71001013155447
2023-09-10,2,6,9,0,110.8594224781027,87.55707033009449
2023-09-10,3,6,9,0,132.02703305594503,109.768965683353
2023-09-10,4,6,9,0,144.0470104560628,118.47469155780453
2023-09-11,1,0,9,0,75.73216142538567,72.5306155556287
2023-09-11,2,0,9,1,83.77126305184532,94.57715042865694
2023-09-11,3,0,9,0,98.4121707072768,84.13405870309971
2023-09-11,4,0,9,0,115.64498095557589,102.2999830419084
2023-09-12,1,1,9,0,74.54573444485847,60.348751326279015
2023-09-12,2,1,9,0,97.34807974767496,79.72717689117316
2023-09-12,3,1,9,0,98.81261632639348,102.19185520561877
2023-09-12,4,1,9,0,107.231997910006,98.08414996727689
2023-09-13,1,2,9,1,68.76414082619664,81.07350403900801
2023-09-13,2,2,9,1,99.83383283748012,125.00770481272123
2023-09-13,3,2,9,0,86.60594258924606,93.29562334646948
2023-09-13,4,2,9,0,122.75779011606836,94.88228415253268
2023-09-14,1,3,9,0,68.18770248651386,85.91089783851127
2023-09-14,2,3,9,0,77.7045247489593,88.96296807196266
2023-09-14,3,3,9,0,90.4103806982576,86.87446462789222
2023-09-14,4,3,9,0,117.06463989552073,120.6033631992816
2023-09-15,1,4,9,1,79.89988728440052,91.24415813372168
2023-09-15,2,4,9,0,80.5870492738524,81.76829493090463
2023-09-15,3,4,9,0,92.63456926663531,104.67729492510301
2023-09-15,4,4,9,1,107.37904848276845,134.49974137738022
2023-09-16,1,5,9,1,123.68229603556728,91.28376929726679
2023-09-16,2,5,9,0,105.758614877843,96.80376869669595
2023-09-16,3,5,9,0,121.67029236234359,114.06650877635656
2023-09-16,4,5,9,0,139.2707610146344,116.71132032764221
2023-09-17,1,6,9,0,112.71001013155447,112.36332009797923
2023-09-17,2,6,9,0,87.55707033009449,95.37842731279176
2023-09-17,3,6,9,0,109.768965683353,120.94745590546957
2023-09-17,4,6,9,0,118.47469155780453,128.6543213848319
2023-09-18,1,0,9,0,72.5306155556287,70.52342171160409
2023-09-18,2,0,9,0,94.57715042865694,82.31158688019553
2023-09-18,3,0,9,0,84.13405870309971,86.63447783535818
2023-09-18,4,0,9,0,102.2999830419084,118.21893933708256
2023-09-19,1,1,9,0,60.348751326279015,62.51233317604446
2023-09-19,2,1,9,0,79.72717689117316,81.87607942515659
2023-09-19,3,1,9,1,102.19185520561877,103.43853002782234
2023-09-19,4,1,9,1,98.08414996727689,127.09954508745645
2023-09-20,1,2,9,0,81.07350403900801,75.79581978412591
2023-09-20,2,2,9,1,125.00770481272123,107.11095926577612
2023-09-20,3,2,9,0,93.29562334646948,100.03527629516695
2023-09-20,4,2,9,0,94.88228415253268,108.42925975970203
2023-09-21,1,3,9,1,85.91089783851127,103.32644897352064
2023-09-21,2,3,9,0,88.96296807196266,90.8807509479769
2023-09-21,3,3,9,0,86.87446462789222,90.15331854278305
2023-09-21,4,3,9,0,120.6033631992816,127.2970231756785
2023-09-22,1,4,9,0,91.24415813372168,80.34660814486398
2023-09-22,2,4,9,0,81.76829493090463,86.29108843797466
2023-09-22,3,4,9,0,104.67729492510301,99.92105094006247
2023-09-22,4,4,9,0,134.49974137738022,109.1225854726219
2023-09-23,1,5,9,1,91.28376929726679,122.18252326728438
2023-09-23,2,5,9,0,96.80376869669595,111.37235224415997
2023-09-23,3,5,9,0,114.06650877635656,118.09281826410161
2023-09-23,4,5,9,0,116.71132032764221,117.27286803973169
2023-09-24,1,6,9,0,112.36332009797923,85.2388038427887
2023-09-24,2,6,9,0,95.37842731279176,102.5464216973925
2023-09-24,3,6,9,0,120.94745590546957,117.0639522363905
2023-09-24,4,6,9,0,128.6543213848319,124.76769201945888
2023-09-25,1,0,9,0,70.52342171160409,85.68627469056186
2023-09-25,2,0,9,1,82.31158688019553,122.57269346376681
2023-09-25,3,0,9,0,86.63447783535818,107.51449748997746
2023-09-25,4,0,9,0,118.21893933708256,98.23234272315027
2023-09-26,1,1,9,1,62.51233317604446,108.23057113653246
2023-09-26,2,1,9,0,81.87607942515659,93.15885514444284
2023-09-26,3,1,9,0,103.43853002782234,121.5155796261293
2023-09-26,4,1,9,0,127.09954508745645,116.33029826010515
2023-09-27,1,2,9,0,75.79581978412591,86.64036461016569
2023-09-27,2,2,9,1,107.11095926577612,110.73818526582899
2023-09-27,3,2,9,0,100.03527629516695,102.04663402270138
2023-09-27,4,2,9,0,108.42925975970203,104.03701060567136
2023-09-28,1,3,9,0,103.32644897352064,77.06583058658155
2023-09-28,2,3,9,0,90.8807509479769,90.90934819573846
2023-09-28,3,3,9,0,90.15331854278305,114.01709180265314
2023-09-28,4,3,9,0,127.2970231756785,103.8044780834473
2023-09-29,1,4,9,0,80.34660814486398,72.10583618044663
2023-09-29,2,4,9,0,86.29108843797466,82.5164042495754
2023-09-29,3,4,9,0,99.92105094006247,86.15955216796861
2023-09-29,4,4,9,0,109.1225854726219,128.22774341736704
2023-09-30,1,5,9,1,122.18252326728438,111.41148633577316
2023-09-30,2,5,9,0,111.37235224415997,102.98349747677315
2023-09-30,3,5,9,0,118.09281826410161,114.27282736443986
2023-09-30,4,5,9,1,117.27286803973169,141.4997873921026
2023-10-01,1,6,10,1,85.2388038427887,104.08162257714262
2023-10-01,2,6,10,0,102.5464216973925,104.28869023078778
2023-10-01,3,6,10,0,117.0639522363905,108.3736633771846
2023-10-01,4,6,10,0,124.76769201945888,119.79332774608025
2023-10-02,1,0,10,0,85.68627469056186,72.2975246136448
2023-10-02,2,0,10,0,122.57269346376681,82.4699586063416
2023-10-02,3,0,10,1,107.51449748997746,117.39670083404631
2023-10-02,4,0,10,0,98.23234272315027,104.27871006699641
2023-10-03,1,1,10,0,108.23057113653246,57.45361271538296
2023-10-03,2,1,10,0,93.15885514444284,77.72574765384934
2023-10-03,3,1,10,0,121.5155796261293,98.33490311170047
2023-10-03,4,1,10,1,116.33029826010515,142.10344711930034
2023-10-04,1,2,10,1,86.64036461016569,85.11594994471392
2023-10-04,2,2,10,0,110.73818526582899,92.97028125032323
2023-10-04,3,2,10,0,102.04663402270138,116.46577755575146
2023-10-04,4,2,10,0,104.03701060567136,116.79165778056536
2023-10-05,1,3,10,0,77.06583058658155,78.58902236345828
2023-10-05,2,3,10,1,90.90934819573846,118.32905909641606
2023-10-05,3,3,10,0,114.01709180265314,101.11951684553758
2023-10-05,4,3,10,0,103.8044780834473,108.27718031110155
2023-10-06,1,4,10,0,72.10583618044663,74.58067460300262
2023-10-06,2,4,10,0,82.5164042495754,91.7437826535128
2023-10-06,3,4,10,0,86.15955216796861,109.45574548660903
2023-10-06,4,4,10,0,128.22774341736704,107.58113527147944
2023-10-07,1,5,10,0,111.41148633577316,96.23480107954629
2023-10-07,2,5,10,0,102.98349747677315,105.87537499924107
2023-10-07,3,5,10,1,114.27282736443986,137.23699695742116
2023-10-07,4,5,10,1,141.4997873921026,156.13856469482633
2023-10-08,1,6,10,0,104.08162257714262,100.26249228177915
2023-10-08,2,6,10,0,104.28869023078778,124.32091608092202
2023-10-08,3,6,10,0,108.3736633771846,114.30130239205354
2023-10-08,4,6,10,0,119.79332774608025,132.41617186740294
2023-10-09,1,0,10,0,72.2975246136448,79.68799865583554
2023-10-09,2,0,10,1,82.4699586063416,105.28067346562324
2023-10-09,3,0,10,1,117.39670083404631,109.95720890249879
2023-10-09,4,0,10,0,104.27871006699641,111.23282476269075
2023-10-10,1,1,10,0,57.45361271538296,78.97903916105601
2023-10-10,2,1,10,0,77.72574765384934,90.62253047694678
2023-10-10,3,1,10,1,98.33490311170047,138.1346306680417
2023-10-10,4,1,10,0,142.10344711930034,117.0826556930456
2023-10-11,1,2,10,0,85.11594994471392,75.91094178616666
2023-10-11,2,2,10,0,92.97028125032323,97.58912119109664
2023-10-11,3,2,10,0,116.46577755575146,112.30208849496518
2023-10-11,4,2,10,0,116.79165778056536,103.79059892047854
2023-10-12,1,3,10,0,78.58902236345828,70.57947451172771
2023-10-12,2,3,10,1,118.32905909641606,101.72024639286097
2023-10-12,3,3,10,0,101.11951684553758,102.49828941081235
2023-10-12,4,3,10,1,108.27718031110155,127.76901581912446
2023-10-13,1,4,10,0,74.58067460300262,66.65192085377814
2023-10-13,2,4,10,0,91.7437826535128,93.61309972735597
2023-10-13,3,4,10,0,109.45574548660903,98.78557078993599
2023-10-13,4,4,10,0,107.58113527147944,117.5248475392413
2023-10-14,1,5,10,0,96.23480107954629,90.49752683642521
2023-10-14,2,5,10,0,105.87537499924107,120.82515787664853
2023-10-14,3,5,10,0,137.23699695742116,119.42226005941312
2023-10-14,4,5,10,0,156.13856469482633,133.0730958643874
2023-10-15,1,6,10,1,100.26249228177915,116.04225210137017
2023-10-15,2,6,10,0,124.32091608092202,106.52612622958637
2023-10-15,3,6,10,0,114.30130239205354,108.0874623102847
2023-10-15,4,6,10,0,132.41617186740294,113.94976520554775
2023-10-16,1,0,10,0,79.68799865583554,77.01683162300402
2023-10-16,2,0,10,0,105.28067346562324,89.88207742522386
2023-10-16,3,0,10,0,109.95720890249879,104.53931587410347
2023-10-16,4,0,10,0,111.23282476269075,112.81385670414667
2023-10-17,1,1,10,1,78.97903916105601,105.80917166674644
2023-10-17,2,1,10,0,90.62253047694678,83.32529422641082
2023-10-17,3,1,10,0,138.1346306680417,111.50736110658843
2023-10-17,4,1,10,0,117.0826556930456,129.4576175362134
2023-10-18,1,2,10,1,75.91094178616666,97.3305086952106
2023-10-18,2,2,10,0,97.58912119109664,92.42051889317858
2023-10-18,3,2,10,0,112.30208849496518,111.976302659145
2023-10-18,4,2,10,0,103.79059892047854,118.88818250058662
2023-10-19,1,3,10,0,70.57947451172771,80.99511852122514
2023-10-19,2,3,10,0,101.72024639286097,82.28780432364591
2023-10-19,3,3,10,0,102.49828941081235,88.24529559035668
2023-10-19,4,3,10,0,127.76901581912446,108.5037371610128
2023-10-20,1,4,10,0,66.65192085377814,65.02267707926636
2023-10-20,2,4,10,0,93.61309972735597,88.04930486848963
2023-10-20,3,4,10,0,98.78557078993599,109.3718744465532
2023-10-20,4,4,10,1,117.5248475392413,128.4044381625039
2023-10-21,1,5,10,1,90.49752683642521,118.70398165118178
2023-10-21,2,5,10,0,120.82515787664853,94.83319634399325
2023-10-21,3,5,10,0,119.42226005941312,108.13493473548286
2023-10-21,4,5,10,1,133.0730958643874,155.46296594831236
2023-10-22,1,6,10,0,116.04225210137017,96.12644229728627
2023-10-22,2,6,10,0,106.52612622958637,85.79258863417323
2023-10-22,3,6,10,0,108.0874623102847,101.50769038594203
2023-10-22,4,6,10,0,113.94976520554775,140.18222882735574
2023-10-23,1,0,10,0,77.01683162300402,87.2971839546841
2023-10-23,2,0,10,0,89.88207742522386,84.78303069255614
2023-10-23,3,0,10,0,104.53931587410347,109.71134930978712
2023-10-23,4,0,10,0,112.81385670414667,98.77512598064872
2023-10-24,1,1,10,0,105.80917166674644,74.58755648016302
2023-10-24,2,1,10,0,83.32529422641082,84.65994948135572
2023-10-24,3,1,10,0,111.50736110658843,96.61619475489117
2023-10-24,4,1,10,0,129.4576175362134,114.85734680196998
2023-10-25,1,2,10,0,97.3305086952106,57.32831942818774
2023-10-25,2,2,10,0,92.42051889317858,85.4323844246844
2023-10-25,3,2,10,1,111.976302659145,130.40570967527938
2023-10-25,4,2,10,0,118.88818250058662,109.9078839295738
2023-10-26,1,3,10,0,80.99511852122514,74.2574637933697
2023-10-26,2,3,10,0,82.28780432364591,94.50238740194715
2023-10-26,3,3,10,0,88.24529559035668,107.60243458215784
2023-10-26,4,3,10,0,108.5037371610128,114.10483104874847
2023-10-27,1,4,10,0,65.02267707926636,82.322867015632
2023-10-27,2,4,10,0,88.04930486848963,96.58013423057398
2023-10-27,3,4,10,0,109.3718744465532,106.47096361408701
2023-10-27,4,4,10,0,128.4044381625039,101.28636096672662
2023-10-28,1,5,10,0,118.70398165118178,85.19477739915231
2023-10-28,2,5,10,0,94.83319634399325,108.96443789505376
2023-10-28,3,5,10,0,108.13493473548286,119.32376715269724
2023-10-28,4,5,10,0,155.46296594831236,140.1755685816409
2023-10-29,1,6,10,0,96.12644229728627,96.49128210106618
2023-10-29,2,6,10,0,85.79258863417323,111.88799508890942
2023-10-29,3,6,10,1,101.50769038594203,130.90874881010893
2023-10-29,4,6,10,1,140.18222882735574,164.57334892402696
2023-10-30,1,0,10,0,87.2971839546841,66.82870065426751
2023-10-30,2,0,10,0,84.78303069255614,82.50018061610145
2023-10-30,3,0,10,0,109.71134930978712,98.35157929910505
2023-10-30,4,0,10,0,98.77512598064872,118.07672499042451
2023-10-31,1,1,10,0,74.58755648016302,91.17808596109161
2023-10-31,2,1,10,0,84.65994948135572,80.65301428662578
2023-10-31,3,1,10,0,96.61619475489117,112.13419593862085
2023-10-31,4,1,10,0,114.85734680196998,126.45912516284548
2023-11-01,1,2,11,0,57.32831942818774,77.6086899806413
2023-11-01,2,2,11,0,85.4323844246844,96.98338347415503
2023-11-01,3,2,11,0,130.40570967527938,113.02781032702131
2023-11-01,4,2,11,0,109.9078839295738,113.91328980310703
2023-11-02,1,3,11,1,74.2574637933697,92.75144634523335
2023-11-02,2,3,11,0,94.50238740194715,84.01634360714296
2023-11-02,3,3,11,1,107.60243458215784,125.14842561848967
2023-11-02,4,3,11,0,114.10483104874847,119.05427025211085
2023-11-03,1,4,11,0,82.322867015632,76.83529269715672
2023-11-03,2,4,11,1,96.58013423057398,105.20236177879568
2023-11-03,3,4,11,0,106.47096361408701,103.05177566620111
2023-11-03,4,4,11,0,101.28636096672662,122.5973862028229
2023-11-04,1,5,11,0,85.19477739915231,100.9332777585667
2023-11-04,2,5,11,1,108.96443789505376,155.85950738511892
2023-11-04,3,5,11,0,119.32376715269724,128.08674670612746
2023-11-04,4,5,11,1,140.1755685816409,159.96486487059428
2023-11-05,1,6,11,0,96.49128210106618,103.12328322320649
2023-11-05,2,6,11,0,111.88799508890942,111.43028345025856
2023-11-05,3,6,11,0,130.90874881010893,124.29219721723078
2023-11-05,4,6,11,0,164.57334892402696,132.88465029820236
2023-11-06,1,0,11,0,66.82870065426751,91.19557773552991
2023-11-06,2,0,11,0,82.50018061610145,89.05712184883552
2023-11-06,3,0,11,0,98.35157929910505,103.55015172362639
2023-11-06,4,0,11,0,118.07672499042451,115.71016455055359
2023-11-07,1,1,11,0,91.17808596109161,75.90707773518211
2023-11-07,2,1,11,0,80.65301428662578,88.17824509575823
2023-11-07,3,1,11,0,112.13419593862085,109.36703070191317
2023-11-07,4,1,11,0,126.45912516284548,128.08047701638912
2023-11-08,1,2,11,0,77.6086899806413,87.1034118586955
2023-11-08,2,2,11,0,96.98338347415503,81.42396338867988
2023-11-08,3,2,11,0,113.02781032702131,109.0856635937081
2023-11-08,4,2,11,0,113.91328980310703,116.79764587548038
2023-11-09,1,3,11,1,92.75144634523335,89.51522146092154
2023-11-09,2,3,11,0,84.01634360714296,95.18290014420619
2023-11-09,3,3,11,1,125.14842561848967,121.99500714878883
2023-11-09,4,3,11,0,119.05427025211085,126.03976315286044
2023-11-10,1,4,11,1,76.83529269715672,94.7255355866048
2023-11-10,2,4,11,0,105.20236177879568,90.52782107843001
2023-11-10,3,4,11,0,103.05177566620111,107.85405032246686
2023-11-10,4,4,11,0,122.5973862028229,116.38048905894239
2023-11-11,1,5,11,0,100.9332777585667,87.61012451680752
2023-11-11,2,5,11,1,155.85950738511892,140.71640545791468
2023-11-11,3,5,11,0,128.08674670612746,126.5716881699615
2023-11-11,4,5,11,0,159.96486487059428,143.98481688208716
2023-11-12,1,6,11,0,103.12328322320649,92.54720876554101
2023-11-12,2,6,11,1,111.43028345025856,137.24555150419786
2023-11-12,3,6,11,1,124.29219721723078,145.10062801881466
2023-11-12,4,6,11,0,132.88465029820236,135.64066099698468
2023-11-13,1,0,11,0,91.19557773552991,86.71056109185919
2023-11-13,2,0,11,0,89.05712184883552,90.26277687414363
2023-11-13,3,0,11,0,103.55015172362639,99.18105807472695
2023-11-13,4,0,11,0,115.71016455055359,121.87112413261625
2023-11-14,1,1,11,1,75.90707773518211,98.08818558885682
2023-11-14,2,1,11,1,88.17824509575823,99.17800750106298
2023-11-14,3,1,11,1,109.36703070191317,124.50185444314678
2023-11-14,4,1,11,1,128.08047701638912,133.6932044666843
2023-11-15,1,2,11,0,87.1034118586955,77.47478062744206
2023-11-15,2,2,11,0,81.42396338867988,93.45197353594587
2023-11-15,3,2,11,0,109.0856635937081,97.6363539500056
2023-11-15,4,2,11,0,116.79764587548038,119.0364330041018
2023-11-16,1,3,11,1,89.51522146092154,105.15130758142881
2023-11-16,2,3,11,1,95.18290014420619,114.72420107972293
2023-11-16,3,3,11,0,121.99500714878883,108.07778651668187
2023-11-16,4,3,11,0,126.03976315286044,111.80315493918668
2023-11-17,1,4,11,0,94.7255355866048,84.76909034719944
2023-11-17,2,4,11,0,90.52782107843001,75.75193595152497
2023-11-17,3,4,11,0,107.85405032246686,92.67716499321271
2023-11-17,4,4,11,0,116.38048905894239,113.72427557990106
2023-11-18,1,5,11,0,87.61012451680752,95.70689342227033
2023-11-18,2,5,11,0,140.71640545791468,114.25811114988375
2023-11-18,3,5,11,0,126.5716881699615,135.48949226541185
2023-11-18,4,5,11,0,143.98481688208716,132.33949454817312
2023-11-19,1,6,11,0,92.54720876554101,90.67531157990054
2023-11-19,2,6,11,1,137.24555150419786,123.77060066880192
2023-11-19,3,6,11,0,145.10062801881466,133.45599642723212
2023-11-19,4,6,11,0,135.64066099698468,133.57517226544294
2023-11-20,1,0,11,0,86.71056109185919,93.88749596009515
2023-11-20,2,0,11,0,90.26277687414363,101.17925780288378
2023-11-20,3,0,11,1,99.18105807472695,130.77000366276715
2023-11-20,4,0,11,0,121.87112413261625,124.91251697100432
2023-11-21,1,1,11,0,98.08818558885682,77.75784587640534
2023-11-21,2,1,11,0,99.17800750106298,92.23771370388852
2023-11-21,3,1,11,0,124.50185444314678,112.50018337399806
2023-11-21,4,1,11,0,133.6932044666843,113.42907875977252
2023-11-22,1,2,11,0,77.47478062744206,78.51612819043245
2023-11-22,2,2,11,0,93.45197353594587,87.96524412532396
2023-11-22,3,2,11,0,97.6363539500056,111.90473962888727
2023-11-22,4,2,11,0,119.0364330041018,118.18543102297131
2023-11-23,1,3,11,0,105.15130758142881,79.48060927182195
2023-11-23,2,3,11,0,114.72420107972293,94.56083178514311
2023-11-23,3,3,11,0,108.07778651668187,106.4163947800793
2023-11-23,4,3,11,0,111.80315493918668,126.01411846608828
2023-11-24,1,4,11,1,84.76909034719944,107.63648913981181
2023-11-24,2,4,11,0,75.75193595152497,94.05499050496921
2023-11-24,3,4,11,0,92.67716499321271,103.76773346739307
2023-11-24,4,4,11,0,113.72427557990106,121.69265869866786
2023-11-25,1,5,11,0,95.70689342227033,87.04475504144554
2023-11-25,2,5,11,0,114.25811114988375,111.7567402636616
2023-11-25,3,5,11,0,135.48949226541185,120.86882339845992
2023-11-25,4,5,11,1,132.33949454817312,143.30768499853423
2023-11-26,1,6,11,0,90.67531157990054,115.42147985556713
2023-11-26,2,6,11,0,123.77060066880192,117.96658216293311
2023-11-26,3,6,11,1,133.45599642723212,157.8438670623517
2023-11-26,4,6,11,0,133.57517226544294,123.48979898207841
2023-11-27,1,0,11,0,93.88749596009515,78.30139870345195
2023-11-27,2,0,11,0,101.17925780288378,78.53484762503403
2023-11-27,3,0,11,0,130.77000366276715,98.91308203961458
2023-11-27,4,0,11,1,124.91251697100432,142.119679553582
2023-11-28,1,1,11,1,77.75784587640534,107.9220541357485
2023-11-28,2,1,11,0,92.23771370388852,95.0532698456981
2023-11-28,3,1,11,0,112.50018337399806,99.05856916239078
2023-11-28,4,1,11,0,113.42907875977252,113.04338494270714
2023-11-29,1,2,11,0,78.51612819043245,70.83374329748332
2023-11-29,2,2,11,1,87.96524412532396,109.28944402225031
2023-11-29,3,2,11,1,111.90473962888727,135.2704755311918
2023-11-29,4,2,11,1,118.18543102297131,126.51706020845523
2023-11-30,1,3,11,0,79.48060927182195,82.31512562381842
2023-11-30,2,3,11,1,94.56083178514311,112.76258535093686
2023-11-30,3,3,11,0,106.4163947800793,112.41484730861232
2023-11-30,4,3,11,0,126.01411846608828,112.48900258758033
2023-12-01,1,4,12,0,107.63648913981181,101.78260010364836
2023-12-01,2,4,12,0,94.05499050496921,110.20705488250374
2023-12-01,3,4,12,0,103.76773346739307,109.30762717535578
2023-12-01,4,4,12,1,121.69265869866786,148.42998229962836
2023-12-02,1,5,12,1,87.04475504144554,140.34310088895614
2023-12-02,2,5,12,0,111.7567402636616,110.61477313796132
2023-12-02,3,5,12,1,120.86882339845992,155.64959049595402
2023-12-02,4,5,12,0,143.30768499853423,138.25395390530508
2023-12-03,1,6,12,1,115.42147985556713,131.69807333442233
2023-12-03,2,6,12,0,117.96658216293311,120.12363945643106
2023-12-03,3,6,12,1,157.8438670623517,156.74180487000052
2023-12-03,4,6,12,1,123.48979898207841,163.3979253235568
2023-12-04,1,0,12,1,78.30139870345195,102.04762201708174
2023-12-04,2,0,12,1,78.53484762503403,128.28990435655157
2023-12-04,3,0,12,0,98.91308203961458,100.95156165705569
2023-12-04,4,0,12,0,142.119679553582,120.93638325407149
2023-12-05,1,1,12,0,107.9220541357485,96.7001506946528
2023-12-05,2,1,12,0,95.0532698456981,102.91507151150728
2023-12-05,3,1,12,0,99.05856916239078,122.0502321244714
2023-12-05,4,1,12,0,113.04338494270714,117.42672069995643
2023-12-06,1,2,12,0,70.83374329748332,73.46429880664189
2023-12-06,2,2,12,0,109.28944402225031,99.50158642589372
2023-12-06,3,2,12,0,135.2704755311918,116.73878766086942
2023-12-06,4,2,12,0,126.51706020845523,124.87716950163808
2023-12-07,1,3,12,0,82.31512562381842,79.7806152416599
2023-12-07,2,3,12,0,112.76258535093686,100.72078508655228
2023-12-07,3,3,12,0,112.41484730861232,114.9248552196471
2023-12-07,4,3,12,0,112.48900258758033,109.78779203808514
2023-12-08,1,4,12,0,101.78260010364836,86.34729784251903
2023-12-08,2,4,12,0,110.20705488250374,103.44116545555865
2023-12-08,3,4,12,0,109.30762717535578,116.80566386654978
2023-12-08,4,4,12,0,148.42998229962836,116.47770856964372
2023-12-09,1,5,12,0,140.34310088895614,92.07473328543458
2023-12-09,2,5,12,0,110.61477313796132,110.52699212047168
2023-12-09,3,5,12,1,155.64959049595402,153.90610463398025
2023-12-09,4,5,12,0,138.25395390530508,147.24745262487352
2023-12-10,1,6,12,0,131.69807333442233,100.81825043064256
2023-12-10,2,6,12,0,120.12363945643106,116.77585772083405
2023-12-10,3,6,12,0,156.74180487000052,128.63993087724432
2023-12-10,4,6,12,0,163.3979253235568,129.70770196339052
2023-12-11,1,0,12,0,102.04762201708174,93.27875229286508
2023-12-11,2,0,12,1,128.28990435655157,138.65220245712322
2023-12-11,3,0,12,1,100.95156165705569,117.81651585198803
2023-12-11,4,0,12,0,120.93638325407149,122.9949781292262
2023-12-12,1,1,12,0,96.7001506946528,81.28900140770813
2023-12-12,2,1,12,0,102.91507151150728,102.37831215300288
2023-12-12,3,1,12,0,122.0502321244714,112.4884227492175
2023-12-12,4,1,12,1,117.42672069995643,141.64607474661383
2023-12-13,1,2,12,0,73.46429880664189,93.6864631705147
2023-12-13,2,2,12,0,99.50158642589372,99.78401531279506
2023-12-13,3,2,12,0,116.73878766086942,100.29965045365685
2023-12-13,4,2,12,0,124.87716950163808,118.91647320874176
2023-12-14,1,3,12,1,79.7806152416599,128.06081826147258
2023-12-14,2,3,12,0,100.72078508655228,95.97568566614818
2023-12-14,3,3,12,0,114.9248552196471,127.43636075696622
2023-12-14,4,3,12,0,109.78779203808514,130.06729739272473
2023-12-15,1,4,12,0,86.34729784251903,90.10162513009612
2023-12-15,2,4,12,0,103.44116545555865,92.60955404085614
2023-12-15,3,4,12,1,116.80566386654978,132.50667744634768
2023-12-15,4,4,12,0,116.47770856964372,131.74827670573015
2023-12-16,1,5,12,0,92.07473328543458,111.53420693760633
2023-12-16,2,5,12,1,110.52699212047168,140.99147128317327
2023-12-16,3,5,12,0,153.90610463398025,145.2586961976827
2023-12-16,4,5,12,0,147.24745262487352,132.6531985310615
2023-12-17,1,6,12,0,100.81825043064256,115.01380006852156
2023-12-17,2,6,12,1,116.77585772083405,141.5527586721886
2023-12-17,3,6,12,0,128.63993087724432,130.62565546715123
2023-12-17,4,6,12,0,129.70770196339052,120.00666577998867
2023-12-18,1,0,12,0,93.27875229286508,83.5167402164483
2023-12-18,2,0,12,0,138.65220245712322,98.24027751525863
2023-12-18,3,0,12,0,117.81651585198803,106.62396223324004
2023-12-18,4,0,12,0,122.9949781292262,121.63904647095873
2023-12-19,1,1,12,1,81.28900140770813,115.32641376943191
2023-12-19,2,1,12,0,102.37831215300288,120.63188085823509
2023-12-19,3,1,12,0,112.4884227492175,121.77858593290847
2023-12-19,4,1,12,0,141.64607474661383,107.90956057613296
2023-12-20,1,2,12,1,93.6864631705147,105.32927605480559
2023-12-20,2,2,12,0,99.78401531279506,93.24414763217162
2023-12-20,3,2,12,0,100.29965045365685,114.58513715701365
2023-12-20,4,2,12,0,118.91647320874176,129.56479435998125
2023-12-21,1,3,12,0,128.06081826147258,89.51261779095839
2023-12-21,2,3,12,1,95.97568566614818,113.45856068374928
2023-12-21,3,3,12,1,127.43636075696622,152.94191093310815
2023-12-21,4,3,12,1,130.06729739272473,144.5782289919669
2023-12-22,1,4,12,0,90.10162513009612,94.61642922511912
2023-12-22,2,4,12,0,92.60955404085614,96.08498165685407
2023-12-22,3,4,12,1,132.50667744634768,128.4309126851221
2023-12-22,4,4,12,0,131.74827670573015,111.23004772074476
2023-12-23,1,5,12,0,111.53420693760633,98.38635962466485
2023-12-23,2,5,12,0,140.99147128317327,116.49193060449385
2023-12-23,3,5,12,0,145.2586961976827,140.16873255395794
2023-12-23,4,5,12,0,132.6531985310615,134.83069790320044
2023-12-24,1,6,12,1,115.01380006852156,108.43715190091083
2023-12-24,2,6,12,0,141.5527586721886,110.22604725692784
2023-12-24,3,6,12,1,130.62565546715123,170.34244428893157
2023-12-24,4,6,12,0,120.00666577998867,132.00687585468512
2023-12-25,1,0,12,1,83.5167402164483,101.67875107323259
2023-12-25,2,0,12,0,98.24027751525863,100.79437845745275
2023-12-25,3,0,12,0,106.62396223324004,122.66536645983288
2023-12-25,4,0,12,1,121.63904647095873,138.40560633425918
2023-12-26,1,1,12,0,115.32641376943191,95.9037271332821
2023-12-26,2,1,12,1,120.63188085823509,123.66025850478113
2023-12-26,3,1,12,0,121.77858593290847,117.44880173440109
2023-12-26,4,1,12,0,107.90956057613296,108.53409955996786
2023-12-27,1,2,12,1,105.32927605480559,100.75349023783077
2023-12-27,2,2,12,0,93.24414763217162,104.41987873673115
2023-12-27,3,2,12,0,114.58513715701365,122.74465458132238
2023-12-27,4,2,12,0,129.56479435998125,133.9790994731486
2023-12-28,1,3,12,0,89.51261779095839,95.3933889715308
2023-12-28,2,3,12,0,113.45856068374928,94.82769084170893
2023-12-28,3,3,12,0,152.94191093310815,110.68871972171026
2023-12-28,4,3,12,1,144.5782289919669,136.92540462723323
2023-12-29,1,4,12,0,94.61642922511912,79.71540092862841
2023-12-29,2,4,12,1,96.08498165685407,131.40926678921625
2023-12-29,3,4,12,0,128.4309126851221,104.87603759166201
2023-12-29,4,4,12,0,111.23004772074476,122.97600285223568
2023-12-30,1,5,12,0,98.38635962466485,103.22771107415359
2023-12-30,2,5,12,0,116.49193060449385,121.83994700543099
2023-12-30,3,5,12,1,140.16873255395794,147.29244309099684
2023-12-30,4,5,12,0,134.83069790320044,144.35360486632484
2023-12-31,1,6,12,0,108.43715190091083,104.89082566563762
2023-12-31,2,6,12,1,110.22604725692784,161.5011939859098
2023-12-31,3,6,12,0,170.34244428893157,130.06237619778992
2023-12-31,4,6,12,1,132.00687585468512,171.76123265050077
2024-01-01,1,0,1,1,101.67875107323259,106.71937508767488
2024-01-01,2,0,1,0,100.79437845745275,99.09298735298313
2024-01-01,3,0,1,0,122.66536645983288,123.89406795362694
2024-01-01,4,0,1,1,138.40560633425918,151.24942758931704
2024-01-02,1,1,1,1,95.9037271332821,113.31447988509474
2024-01-02,2,1,1,0,123.66025850478113,98.19344302093846
2024-01-02,3,1,1,0,117.44880173440109,111.38924680188927
2024-01-02,4,1,1,0,108.53409955996786,126.81790361863166
2024-01-03,1,2,1,0,100.75349023783077,80.49217641705049
2024-01-03,2,2,1,0,104.41987873673115,102.60277548755707
2024-01-03,3,2,1,1,122.74465458132238,136.8756762029661
2024-01-03,4,2,1,0,133.9790994731486,129.58294590262793
2024-01-04,1,3,1,0,95.3933889715308,90.19238094225618
2024-01-04,2,3,1,1,94.82769084170893,129.6803389402993
2024-01-04,3,3,1,0,110.68871972171026,111.97938207031177
2024-01-04,4,3,1,1,136.92540462723323,142.61257885972378
2024-01-05,1,4,1,0,79.71540092862841,92.23056850461334
2024-01-05,2,4,1,0,131.40926678921625,108.84822931810925
2024-01-05,3,4,1,0,104.87603759166201,125.41659908818994
2024-01-05,4,4,1,1,122.97600285223568,143.18891833786992
2024-01-06,1,5,1,0,103.22771107415359,92.75409723702461
2024-01-06,2,5,1,1,121.83994700543099,149.82405482741342
2024-01-06,3,5,1,0,147.29244309099684,151.1768716068278
2024-01-06,4,5,1,1,144.35360486632484,166.6377562182396
2024-01-07,1,6,1,0,104.89082566563762,103.61690846483786
2024-01-07,2,6,1,0,161.5011939859098,139.96914722106933
2024-01-07,3,6,1,0,130.06237619778992,127.59137567719605
2024-01-07,4,6,1,0,171.76123265050077,130.04716847826134
2024-01-08,1,0,1,0,106.71937508767488,95.26069586335437
2024-01-08,2,0,1,0,99.09298735298313,90.10012197900164
2024-01-08,3,0,1,0,123.89406795362694,122.04640131316816
2024-01-08,4,0,1,0,151.24942758931704,123.58407721910268
2024-01-09,1,1,1,0,113.31447988509474,83.87871264699015
2024-01-09,2,1,1,0,98.19344302093846,91.07597608777748
2024-01-09,3,1,1,0,111.38924680188927,126.52480543094335
2024-01-09,4,1,1,1,126.81790361863166,147.17468060387077
2024-01-10,1,2,1,0,80.49217641705049,96.58250973378168
2024-01-10,2,2,1,0,102.60277548755707,104.02555820757333
2024-01-10,3,2,1,0,136.8756762029661,115.9819735281177
2024-01-10,4,2,1,0,129.58294590262793,144.3102883205474
2024-01-11,1,3,1,1,90.19238094225618,119.38991055091302
2024-01-11,2,3,1,0,129.6803389402993,121.08740889920412
2024-01-11,3,3,1,0,111.97938207031177,106.67402770467505
2024-01-11,4,3,1,0,142.61257885972378,138.91079907738768
2024-01-12,1,4,1,1,92.23056850461334,117.22514981163701
2024-01-12,2,4,1,0,108.84822931810925,110.80878689157068
2024-01-12,3,4,1,0,125.41659908818994,127.69103566301459
2024-01-12,4,4,1,0,143.18891833786992,132.32335064234792
2024-01-13,1,5,1,1,92.75409723702461,139.2221391126794
2024-01-13,2,5,1,1,149.82405482741342,137.0068408693519
2024-01-13,3,5,1,0,151.1768716068278,124.2315093772401
2024-01-13,4,5,1,0,166.6377562182396,153.782813010401
2024-01-14,1,6,1,1,103.61690846483786,120.04102404486584
2024-01-14,2,6,1,0,139.96914722106933,124.38405711721781
2024-01-14,3,6,1,0,127.59137567719605,148.31820846998616
2024-01-14,4,6,1,1,130.04716847826134,161.1276118158465
2024-01-15,1,0,1,0,95.26069586335437,101.01396318121206
2024-01-15,2,0,1,1,90.10012197900164,125.55754381720372
2024-01-15,3,0,1,0,122.04640131316816,111.82071835438705
2024-01-15,4,0,1,1,123.58407721910268,151.79768301059272
2024-01-16,1,1,1,0,83.87871264699015,84.8350158438933
2024-01-16,2,1,1,0,91.07597608777748,103.27880667383097
2024-01-16,3,1,1,0,126.52480543094335,105.18153796546135
2024-01-16,4,1,1,1,147.17468060387077,156.6821990117694
2024-01-17,1,2,1,0,96.58250973378168,93.79227856805761
2024-01-17,2,2,1,0,104.02555820757333,100.68371854463088
2024-01-17,3,2,1,0,115.9819735281177,113.85557649931177
2024-01-17,4,2,1,1,144.3102883205474,143.19329330211994
2024-01-18,1,3,1,0,119.38991055091302,107.38075617947452
2024-01-18,2,3,1,0,121.08740889920412,105.72640018888038
2024-01-18,3,3,1,0,106.67402770467505,117.41321371557852
2024-01-18,4,3,1,0,138.91079907738768,117.51008465349717
2024-01-19,1,4,1,1,117.22514981163701,112.02626642731444
2024-01-19,2,4,1,0,110.80878689157068,113.64684963960697
2024-01-19,3,4,1,0,127.69103566301459,119.05355599234468
2024-01-19,4,4,1,0,132.32335064234792,131.4373559929746
2024-01-20,1,5,1,0,139.2221391126794,111.09161033336524
2024-01-20,2,5,1,0,137.0068408693519,119.35075043107713
2024-01-20,3,5,1,0,124.2315093772401,140.7527443687067
2024-01-20,4,5,1,0,153.782813010401,136.27833291975162
2024-01-21,1,6,1,0,120.04102404486584,102.87945675416947
2024-01-21,2,6,1,0,124.38405711721781,127.88675933128684
2024-01-21,3,6,1,1,148.31820846998616,159.7834758174617
2024-01-21,4,6,1,0,161.1276118158465,151.0739838753047
2024-01-22,1,0,1,0,101.01396318121206,107.28134721657705
2024-01-22,2,0,1,0,125.55754381720372,111.32314781572939
2024-01-22,3,0,1,0,111.82071835438705,132.32347753258287
2024-01-22,4,0,1,0,151.79768301059272,137.60564499861115
2024-01-23,1,1,1,0,84.8350158438933,85.63319681752698
2024-01-23,2,1,1,0,103.27880667383097,115.33349172526938
2024-01-23,3,1,1,0,105.18153796546135,117.03446113874527
2024-01-23,4,1,1,1,156.6821990117694,143.4234973832484
2024-01-24,1,2,1,0,93.79227856805761,98.11701127598322
2024-01-24,2,2,1,1,100.68371854463088,120.06867089072449
2024-01-24,3,2,1,0,113.85557649931177,120.21952602674817
2024-01-24,4,2,1,1,143.19329330211994,143.9779514757714
2024-01-25,1,3,1,0,107.38075617947452,102.99732213635022
2024-01-25,2,3,1,1,105.72640018888038,127.09022157294928
2024-01-25,3,3,1,0,117.41321371557852,119.5179704447167
2024-01-25,4,3,1,0,117.51008465349717,137.33884253623748
2024-01-26,1,4,1,0,112.02626642731444,98.92011389043468
2024-01-26,2,4,1,0,113.64684963960697,99.80589664311891
2024-01-26,3,4,1,0,119.05355599234468,104.3443798604968
2024-01-26,4,4,1,1,131.4373559929746,151.29247731520698
2024-01-27,1,5,1,1,111.09161033336524,135.72633126401684
2024-01-27,2,5,1,0,119.35075043107713,123.74143556823203
2024-01-27,3,5,1,0,140.7527443687067,126.19547733575878
2024-01-27,4,5,1,1,136.27833291975162,176.12021726194547
2024-01-28,1,6,1,0,102.87945675416947,111.66896861928446
2024-01-28,2,6,1,0,127.88675933128684,123.687947845981
2024-01-28,3,6,1,0,159.7834758174617,136.0949865655151
2024-01-28,4,6,1,0,151.0739838753047,144.91938768436
2024-01-29,1,0,1,1,107.28134721657705,104.76127233887983
2024-01-29,2,0,1,0,111.32314781572939,96.20273323324527
2024-01-29,3,0,1,0,132.32347753258287,121.21358433683662
2024-01-29,4,0,1,0,137.60564499861115,127.49604049533423
2024-01-30,1,1,1,0,85.63319681752698,106.83196272708562
2024-01-30,2,1,1,1,115.33349172526938,128.20737221445196
2024-01-30,3,1,1,1,117.03446113874527,123.53928783247511
2024-01-30,4,1,1,0,143.4234973832484,129.0846016442326
2024-01-31,1,2,1,0,98.11701127598322,95.04170733484699
2024-01-31,2,2,1,0,120.06867089072449,122.486910131341
2024-01-31,3,2,1,0,120.21952602674817,132.78817149450936
2024-01-31,4,2,1,1,143.9779514757714,164.17194460387066
2024-02-01,1,3,2,0,102.99732213635022,97.48873029022786
2024-02-01,2,3,2,0,127.09022157294928,113.2729589819263
2024-02-01,3,3,2,0,119.5179704447167,126.27903309450677
2024-02-01,4,3,2,0,137.33884253623748,139.8188186344074
2024-02-02,1,4,2,1,98.92011389043468,110.6445338817174
2024-02-02,2,4,2,1,99.80589664311891,121.09704532112227
2024-02-02,3,4,2,0,104.3443798604968,122.02968675955378
2024-02-02,4,4,2,1,151.29247731520698,149.72992194006352
2024-02-03,1,5,2,1,135.72633126401684,137.8753922728086
2024-02-03,2,5,2,0,123.74143556823203,120.00446660594683
2024-02-03,3,5,2,0,126.19547733575878,143.8846340823704
2024-02-03,4,5,2,0,176.12021726194547,152.76223144221782
2024-02-04,1,6,2,0,111.66896861928446,114.98272795088049
2024-02-04,2,6,2,1,123.687947845981,149.07951347568084
2024-02-04,3,6,2,0,136.0949865655151,135.8059866562594
2024-02-04,4,6,2,0,144.91938768436,148.76774785800848
2024-02-05,1,0,2,1,104.76127233887983,133.7727941785704
2024-02-05,2,0,2,0,96.20273323324527,102.17225279386693
2024-02-05,3,0,2,0,121.21358433683662,123.53449842535335
2024-02-05,4,0,2,0,127.49604049533423,129.30864190918544
2024-02-06,1,1,2,0,106.83196272708562,97.48386835814499
2024-02-06,2,1,2,0,128.20737221445196,119.2273105866141
2024-02-06,3,1,2,0,123.53928783247511,124.81215318237997
2024-02-06,4,1,2,1,129.0846016442326,159.231017140631
2024-02-07,1,2,2,0,95.04170733484699,97.74600387024685
2024-02-07,2,2,2,0,122.486910131341,98.2429249704839
2024-02-07,3,2,2,0,132.78817149450936,132.19366525550936
2024-02-07,4,2,2,0,164.17194460387066,135.49970693863054
2024-02-08,1,3,2,0,97.48873029022786,88.73288726630697
2024-02-08,2,3,2,0,113.2729589819263,113.33068014091756
2024-02-08,3,3,2,1,126.27903309450677,142.70744646348408
2024-02-08,4,3,2,0,139.8188186344074,125.89952230453127
2024-02-09,1,4,2,0,110.6445338817174,91.42351879219316
2024-02-09,2,4,2,1,121.09704532112227,118.73496871639792
2024-02-09,3,4,2,0,122.02968675955378,110.8140136782118
2024-02-09,4,4,2,0,149.72992194006352,133.49673625081678
2024-02-10,1,5,2,0,137.8753922728086,119.48207936179354
2024-02-10,2,5,2,1,120.00446660594683,148.9546693506191
2024-02-10,3,5,2,0,143.8846340823704,133.07425620441504
2024-02-10,4,5,2,0,152.76223144221782,147.0760850872501
2024-02-11,1,6,2,0,114.98272795088049,101.09864475446864
2024-02-11,2,6,2,0,149.07951347568084,119.09964904645601
2024-02-11,3,6,2,0,135.8059866562594,138.0671010399411
2024-02-11,4,6,2,0,148.76774785800848,154.70014119785904
2024-02-12,1,0,2,1,133.7727941785704,127.35791593261266
2024-02-12,2,0,2,0,102.17225279386693,114.79346212457244
2024-02-12,3,0,2,0,123.53449842535335,111.57815496900017
2024-02-12,4,0,2,0,129.30864190918544,128.74175698969162
2024-02-13,1,1,2,0,97.48386835814499,105.59899958849518
2024-02-13,2,1,2,0,119.2273105866141,117.66259418892446
2024-02-13,3,1,2,1,124.81215318237997,136.26006920803698
2024-02-13,4,1,2,1,159.231017140631,153.93567341062513
2024-02-14,1,2,2,0,97.74600387024685,90.63194222166005
2024-02-14,2,2,2,0,98.2429249704839,112.04826879306874
2024-02-14,3,2,2,0,132.19366525550936,115.14277663623722
2024-02-14,4,2,2,0,135.49970693863054,129.51468858980093
2024-02-15,1,3,2,0,88.73288726630697,100.14914408341612
2024-02-15,2,3,2,0,113.33068014091756,118.06899597712402
2024-02-15,3,3,2,0,142.70744646348408,119.53529932145041
2024-02-15,4,3,2,0,125.89952230453127,119.93785879239182
2024-02-16,1,4,2,0,91.42351879219316,107.69095373825378
2024-02-16,2,4,2,0,118.73496871639792,90.37398091157341
2024-02-16,3,4,2,1,110.8140136782118,148.16787202388434
2024-02-16,4,4,2,0,133.49673625081678,146.07439455889556
2024-02-17,1,5,2,0,119.48207936179354,114.33447559316389
2024-02-17,2,5,2,1,148.9546693506191,150.4979458802395
2024-02-17,3,5,2,0,133.07425620441504,137.16627469775588
2024-02-17,4,5,2,0,147.0760850872501,151.40949748883475
2024-02-18,1,6,2,0,101.09864475446864,112.83945206932609
2024-02-18,2,6,2,1,119.09964904645601,153.21319068346742
2024-02-18,3,6,2,0,138.0671010399411,144.73788759387432
2024-02-18,4,6,2,0,154.70014119785904,164.41015397872184
2024-02-19,1,0,2,0,127.35791593261266,95.77563888229803
2024-02-19,2,0,2,0,114.79346212457244,114.2599187368507
2024-02-19,3,0,2,0,111.57815496900017,122.03716705037743
2024-02-19,4,0,2,0,128.74175698969162,133.76531958776542
2024-02-20,1,1,2,0,105.59899958849518,99.41538336517246
2024-02-20,2,1,2,0,117.66259418892446,94.62160875644942
2024-02-20,3,1,2,0,136.26006920803698,114.50684050009706
2024-02-20,4,1,2,0,153.93567341062513,138.68413200257712
2024-02-21,1,2,2,0,90.63194222166005,92.36777617561027
2024-02-21,2,2,2,0,112.04826879306874,112.72325003052491
2024-02-21,3,2,2,1,115.14277663623722,146.95184134577025
2024-02-21,4,2,2,1,129.51468858980093,150.21408145271474
2024-02-22,1,3,2,0,100.14914408341612,94.17636420437962
2024-02-22,2,3,2,1,118.06899597712402,136.44250268638586
2024-02-22,3,3,2,1,119.53529932145041,145.63913963521745
2024-02-22,4,3,2,0,119.93785879239182,128.39933640490975
2024-02-23,1,4,2,0,107.69095373825378,99.57793702823025
2024-02-23,2,4,2,1,90.37398091157341,132.40724065578002
2024-02-23,3,4,2,0,148.16787202388434,126.96359997199542
2024-02-23,4,4,2,0,146.07439455889556,132.96637845630065
2024-02-24,1,5,2,0,114.33447559316389,111.54237585448996
2024-02-24,2,5,2,0,150.4979458802395,117.16759794371883
2024-02-24,3,5,2,0,137.16627469775588,146.68212888693844
2024-02-24,4,5,2,1,151.40949748883475,186.32255887392307
2024-02-25,1,6,2,1,112.83945206932609,128.09566874353897
2024-02-25,2,6,2,1,153.21319068346742,145.02000250118624
2024-02-25,3,6,2,1,144.73788759387432,172.48824668468396
2024-02-25,4,6,2,0,164.41015397872184,144.15090439146465
2024-02-26,1,0,2,0,95.77563888229803,82.49754361947318
2024-02-26,2,0,2,0,114.2599187368507,119.27428395189544
2024-02-26,3,0,2,1,122.03716705037743,148.45131438593964
2024-02-26,4,0,2,0,133.76531958776542,118.2771241424219
2024-02-27,1,1,2,0,99.41538336517246,97.63964306967486
2024-02-27,2,1,2,0,94.62160875644942,118.23182875707506
2024-02-27,3,1,2,0,114.50684050009706,123.36835850528665
2024-02-27,4,1,2,0,138.68413200257712,141.52289046573887
2024-02-28,1,2,2,0,92.36777617561027,107.10582347684128
2024-02-28,2,2,2,1,112.72325003052491,135.06077793511062
2024-02-28,3,2,2,0,146.95184134577025,127.00311155217187
2024-02-28,4,2,2,0,150.21408145271474,139.20347695100494
2024-02-29,1,3,2,0,94.17636420437962,100.55977584085986
2024-02-29,2,3,2,0,136.44250268638586,114.97221134078126
2024-02-29,3,3,2,0,145.63913963521745,118.39394424709259
2024-02-29,4,3,2,0,128.39933640490975,129.93662984018192
2024-03-01,1,4,3,0,99.57793702823025,89.97775388086629
2024-03-01,2,4,3,0,132.40724065578002,118.76805068767351
2024-03-01,3,4,3,0,126.96359997199542,119.4303578852219
2024-03-01,4,4,3,0,132.96637845630065,151.47812719471793
2024-03-02,1,5,3,0,111.54237585448996,110.97686466217104
2024-03-02,2,5,3,1,117.16759794371883,154.57329212223124
2024-03-02,3,5,3,1,146.68212888693844,175.35559582494938
2024-03-02,4,5,3,0,186.32255887392307,169.92503864050002
2024-03-03,1,6,3,0,128.09566874353897,114.38990395981568
2024-03-03,2,6,3,1,145.02000250118624,160.62160645228917
2024-03-03,3,6,3,0,172.48824668468396,137.20735621306912
2024-03-03,4,6,3,0,144.15090439146465,139.07362854922982
2024-03-04,1,0,3,0,82.49754361947318,113.69909340390016
2024-03-04,2,0,3,0,119.27428395189544,120.31955556150503
2024-03-04,3,0,3,0,148.45131438593964,116.93910620366202
2024-03-04,4,0,3,0,118.2771241424219,129.6476390066094
2024-03-05,1,1,3,1,97.63964306967486,136.24048171251576
2024-03-05,2,1,3,1,118.23182875707506,153.58013949575783
2024-03-05,3,1,3,0,123.36835850528665,128.05443759369544
2024-03-05,4,1,3,1,141.52289046573887,156.51748597508998
2024-03-06,1,2,3,0,107.10582347684128,113.02952821360864
2024-03-06,2,2,3,0,135.06077793511062,106.9407953887966
2024-03-06,3,2,3,0,127.00311155217187,120.06656965079583
2024-03-06,4,2,3,0,139.20347695100494,138.08242869282148
2024-03-07,1,3,3,0,100.55977584085986,100.04846260836915
2024-03-07,2,3,3,1,114.97221134078126,129.0782227996898
2024-03-07,3,3,3,0,118.39394424709259,130.19999731543786
2024-03-07,4,3,3,1,129.93662984018192,158.83175948531513
2024-03-08,1,4,3,0,89.97775388086629,124.43082943494028
2024-03-08,2,4,3,0,118.76805068767351,88.89859595461006
2024-03-08,3,4,3,0,119.4303578852219,133.39477544442832
2024-03-08,4,4,3,0,151.47812719471793,134.98742396424643
2024-03-09,1,5,3,0,110.97686466217104,111.34188376038828
2024-03-09,2,5,3,0,154.57329212223124,131.95486447759924
2024-03-09,3,5,3,1,175.35559582494938,157.94547448733775
2024-03-09,4,5,3,0,169.92503864050002,144.6415288455473
2024-03-10,1,6,3,0,114.38990395981568,114.10533970332527
2024-03-10,2,6,3,0,160.62160645228917,144.48304946823288
2024-03-10,3,6,3,0,137.20735621306912,147.0622140874895
2024-03-10,4,6,3,0,139.07362854922982,157.09119196939497
2024-03-11,1,0,3,0,113.69909340390016,106.2688108791369
2024-03-11,2,0,3,0,120.31955556150503,121.32823244147309
2024-03-11,3,0,3,0,116.93910620366202,119.02620237765035
2024-03-11,4,0,3,0,129.6476390066094,139.56160723129673
2024-03-12,1,1,3,0,136.24048171251576,101.22860731609445
2024-03-12,2,1,3,1,153.58013949575783,139.61125847914607
2024-03-12,3,1,3,0,128.05443759369544,121.84145669875839
2024-03-12,4,1,3,0,156.51748597508998,142.49573233531473
2024-03-13,1,2,3,1,113.02952821360864,123.69266501284348
2024-03-13,2,2,3,1,106.9407953887966,143.9502770552285
2024-03-13,3,2,3,0,120.06656965079583,126.17625281835184
2024-03-13,4,2,3,0,138.08242869282148,125.62593318493377
2024-03-14,1,3,3,0,100.04846260836915,83.50426453835668
2024-03-14,2,3,3,0,129.0782227996898,114.96896566471028
2024-03-14,3,3,3,0,130.19999731543786,119.44702836507588
2024-03-14,4,3,3,1,158.83175948531513,155.24295078466068
2024-03-15,1,4,3,0,124.43082943494028,91.14384464135759
2024-03-15,2,4,3,0,88.89859595461006,108.69371633498145
2024-03-15,3,4,3,0,133.39477544442832,125.42438626346174
2024-03-15,4,4,3,1,134.98742396424643,153.17333790800484
2024-03-16,1,5,3,1,111.34188376038828,138.53271004913054
2024-03-16,2,5,3,0,131.95486447759924,146.87508996958147
2024-03-16,3,5,3,0,157.94547448733775,140.47963461824952
2024-03-16,4,5,3,0,144.6415288455473,143.4944104870373
2024-03-17,1,6,3,0,114.10533970332527,111.45195068342176
2024-03-17,2,6,3,0,144.48304946823288,132.355719142826
2024-03-17,3,6,3,0,147.0622140874895,148.39759357415835
2024-03-17,4,6,3,0,157.09119196939497,151.12039436980345
2024-03-18,1,0,3,0,106.2688108791369,88.26259866903274
2024-03-18,2,0,3,0,121.32823244147309,120.12202624755425
2024-03-18,3,0,3,0,119.02620237765035,130.42036621850835
2024-03-18,4,0,3,0,139.56160723129673,126.99579452674087
2024-03-19,1,1,3,0,101.22860731609445,94.32100692053599
2024-03-19,2,1,3,0,139.61125847914607,91.9328903763411
2024-03-19,3,1,3,0,121.84145669875839,119.48429189322488
2024-03-19,4,1,3,1,142.49573233531473,146.31266152486853
2024-03-20,1,2,3,0,123.69266501284348,101.23091427717792
2024-03-20,2,2,3,1,143.9502770552285,115.24420593101559
2024-03-20,3,2,3,0,126.17625281835184,126.362897006741
2024-03-20,4,2,3,0,125.62593318493377,140.9217845088455
2024-03-21,1,3,3,0,83.50426453835668,104.79426141964983
2024-03-21,2,3,3,0,114.96896566471028,112.35579096954608
2024-03-21,3,3,3,0,119.44702836507588,131.7237759291085
2024-03-21,4,3,3,0,155.24295078466068,131.50378153911998
2024-03-22,1,4,3,0,91.14384464135759,83.86442997350471
2024-03-22,2,4,3,0,108.69371633498145,103.78311089455158
2024-03-22,3,4,3,0,125.42438626346174,115.74855152578269
2024-03-22,4,4,3,0,153.17333790800484,129.28803922212256
2024-03-23,1,5,3,1,138.53271004913054,138.9014456565655
2024-03-23,2,5,3,0,146.87508996958147,131.08603507312932
2024-03-23,3,5,3,0,140.47963461824952,140.4306640891753
2024-03-23,4,5,3,1,143.4944104870373,184.5719878254903
2024-03-24,1,6,3,0,111.45195068342176,116.17263909140293
2024-03-24,2,6,3,1,132.355719142826,147.06767339074267
2024-03-24,3,6,3,0,148.39759357415835,144.00086531003353
2024-03-24,4,6,3,0,151.12039436980345,157.81240001875136
2024-03-25,1,0,3,0,88.26259866903274,100.80447871608145
2024-03-25,2,0,3,0,120.12202624755425,133.13948713625808
2024-03-25,3,0,3,0,130.42036621850835,115.43794758501299
2024-03-25,4,0,3,1,126.99579452674087,141.1817701970611
2024-03-26,1,1,3,0,94.32100692053599,90.11116079265953
2024-03-26,2,1,3,1,91.9328903763411,141.39598884690656
2024-03-26,3,1,3,1,119.48429189322488,159.59903214245693
2024-03-26,4,1,3,0,146.31266152486853,138.13649693266993
2024-03-27,1,2,3,0,101.23091427717792,90.25340913690094
2024-03-27,2,2,3,1,115.24420593101559,144.83569715081754
2024-03-27,3,2,3,0,126.362897006741,120.36486770069844
2024-03-27,4,2,3,0,140.9217845088455,138.0972942329309
2024-03-28,1,3,3,1,104.79426141964983,130.95957902917155
2024-03-28,2,3,3,0,112.35579096954608,94.56190953859765
2024-03-28,3,3,3,1,131.7237759291085,159.24981542065254
2024-03-28,4,3,3,0,131.50378153911998,132.79752630110357
2024-03-29,1,4,3,0,83.86442997350471,78.98640124672276
2024-03-29,2,4,3,1,103.78311089455158,139.493885679972
2024-03-29,3,4,3,1,115.74855152578269,141.18492781573377
2024-03-29,4,4,3,0,129.28803922212256,132.50601672876357
2024-03-30,1,5,3,0,138.9014456565655,110.33570621763191
2024-03-30,2,5,3,0,131.08603507312932,127.58907239608536
2024-03-30,3,5,3,0,140.4306640891753,138.00168677825394
2024-03-30,4,5,3,0,184.5719878254903,140.3083468435824
2024-03-31,1,6,3,0,116.17263909140293,113.73289098196219
2024-03-31,2,6,3,1,147.06767339074267,163.01623401474504
2024-03-31,3,6,3,0,144.00086531003353,129.18285627910058
2024-03-31,4,6,3,0,157.81240001875136,169.35858598781317
2024-04-01,1,0,4,0,100.80447871608145,94.89833419883368
2024-04-01,2,0,4,0,133.13948713625808,114.60462981056493
2024-04-01,3,0,4,0,115.43794758501299,126.35293558993874
2024-04-01,4,0,4,0,141.1817701970611,131.48283506090544
2024-04-02,1,1,4,0,90.11116079265953,91.98416639996232
2024-04-02,2,1,4,0,141.39598884690656,109.09431082499624
2024-04-02,3,1,4,0,159.59903214245693,112.94883459776763
2024-04-02,4,1,4,1,138.13649693266993,158.07907022849986
2024-04-03,1,2,4,0,90.25340913690094,101.22330915357696
2024-04-03,2,2,4,0,144.83569715081754,99.91082820115473
2024-04-03,3,2,4,0,120.36486770069844,120.99306171671957
2024-04-03,4,2,4,0,138.0972942329309,131.90741736695685
2024-04-04,1,3,4,0,130.95957902917155,100.50983848797328
2024-04-04,2,3,4,0,94.56190953859765,110.59295388817345
2024-04-04,3,3,4,1,159.24981542065254,137.40230785356593
2024-04-04,4,3,4,0,132.79752630110357,127.80219749489474
2024-04-05,1,4,4,0,78.98640124672276,96.21276492606792
2024-04-05,2,4,4,0,139.493885679972,119.06642139281628
2024-04-05,3,4,4,0,141.18492781573377,123.80121018221881
2024-04-05,4,4,4,0,132.50601672876357,139.97013936989612
2024-04-06,1,5,4,0,110.33570621763191,110.41464528305552
2024-04-06,2,5,4,0,127.58907239608536,139.95229272540485
2024-04-06,3,5,4,0,138.00168677825394,118.39113137263885
2024-04-06,4,5,4,0,140.3083468435824,152.5166328047576
2024-04-07,1,6,4,1,113.73289098196219,135.58885325158846
2024-04-07,2,6,4,0,163.01623401474504,124.57418456581512
2024-04-07,3,6,4,0,129.18285627910058,140.6650747829253
2024-04-07,4,6,4,0,169.35858598781317,149.54801009200688
2024-04-08,1,0,4,1,94.89833419883368,119.95166149337187
2024-04-08,2,0,4,0,114.60462981056493,129.64754226735067
2024-04-08,3,0,4,1,126.35293558993874,146.61931478562707
2024-04-08,4,0,4,0,131.48283506090544,135.99132584066788
2024-04-09,1,1,4,0,91.98416639996232,91.37825806290526
2024-04-09,2,1,4,1,109.09431082499624,140.3474821414003
2024-04-09,3,1,4,1,112.94883459776763,140.953361941466
2024-04-09,4,1,4,0,158.07907022849986,132.61583183842015
2024-04-10,1,2,4,0,101.22330915357696,101.83696155461426
2024-04-10,2,2,4,0,99.91082820115473,102.32670779617227
2024-04-10,3,2,4,0,120.99306171671957,119.42829292752926
2024-04-10,4,2,4,0,131.90741736695685,147.0685817704234
2024-04-11,1,3,4,0,100.50983848797328,105.29154600578447
2024-04-11,2,3,4,0,110.59295388817345,100.58701473153839
2024-04-11,3,3,4,0,137.40230785356593,118.00150562832
2024-04-11,4,3,4,0,127.80219749489474,139.67384329925022
2024-04-12,1,4,4,0,96.21276492606792,108.88271889791959
2024-04-12,2,4,4,1,119.06642139281628,130.47408125339788
2024-04-12,3,4,4,0,123.80121018221881,120.88985106026162
2024-04-12,4,4,4,0,139.97013936989612,137.28959938801862
2024-04-13,1,5,4,0,110.41464528305552,126.29973454209886
2024-04-13,2,5,4,1,139.95229272540485,146.55472642173584
2024-04-13,3,5,4,0,118.39113137263885,151.87511228440894
2024-04-13,4,5,4,1,152.5166328047576,161.4925352983672
2024-04-14,1,6,4,0,135.58885325158846,112.84905245638556
2024-04-14,2,6,4,0,124.57418456581512,131.427862026713
2024-04-14,3,6,4,0,140.6650747829253,147.06275809350095
2024-04-14,4,6,4,0,149.54801009200688,155.57790042357126
2024-04-15,1,0,4,0,119.95166149337187,98.3461117344324
2024-04-15,2,0,4,0,129.64754226735067,109.73335304091523
2024-04-15,3,0,4,0,146.61931478562707,120.88227072548808
2024-04-15,4,0,4,1,135.99132584066788,159.36939476850202
2024-04-16,1,1,4,0,91.37825806290526,96.0630421098154
2024-04-16,2,1,4,0,140.3474821414003,107.20267287887111
2024-04-16,3,1,4,0,140.953361941466,118.75987546902753
2024-04-16,4,1,4,0,132.61583183842015,125.51508416547425
2024-04-17,1,2,4,0,101.83696155461426,96.03454647405023
2024-04-17,2,2,4,0,102.32670779617227,97.1293858185916
2024-04-17,3,2,4,0,119.42829292752926,128.22622373002793
2024-04-17,4,2,4,0,147.0685817704234,121.33537056033737
2024-04-18,1,3,4,0,105.29154600578447,95.53415020601938
2024-04-18,2,3,4,0,100.58701473153839,114.86460815035231
2024-04-18,3,3,4,0,118.00150562832,123.27462251877222
2024-04-18,4,3,4,0,139.67384329925022,139.31744652415784
2024-04-19,1,4,4,1,108.88271889791959,119.44043828890183
2024-04-19,2,4,4,0,130.47408125339788,96.52185117125349
2024-04-19,3,4,4,0,120.88985106026162,113.65238422641139
2024-04-19,4,4,4,0,137.28959938801862,140.37229286255769
2024-04-20,1,5,4,0,126.29973454209886,124.71476512979068
2024-04-20,2,5,4,0,146.55472642173584,136.37706188894558
2024-04-20,3,5,4,0,151.87511228440894,137.96969904310376
2024-04-20,4,5,4,0,161.4925352983672,146.4377662484277
2024-04-21,1,6,4,0,112.84905245638556,117.8692655006866
2024-04-21,2,6,4,0,131.427862026713,111.705540057657
2024-04-21,3,6,4,0,147.06275809350095,150.84109817012765
2024-04-21,4,6,4,1,155.57790042357126,168.10305101650414
2024-04-22,1,0,4,0,98.3461117344324,88.18538877192873
2024-04-22,2,0,4,1,109.73335304091523,118.11320179405575
2024-04-22,3,0,4,0,120.88227072548808,126.01754418032944
2024-04-22,4,0,4,0,159.36939476850202,134.37878008095294
2024-04-23,1,1,4,0,96.0630421098154,104.91462056448198
2024-04-23,2,1,4,0,107.20267287887111,102.29259424747599
2024-04-23,3,1,4,1,118.75987546902753,140.84292012079882
2024-04-23,4,1,4,1,125.51508416547425,151.8715927607162
2024-04-24,1,2,4,1,96.03454647405023,121.08518270777367
2024-04-24,2,2,4,0,97.1293858185916,105.85702470877574
2024-04-24,3,2,4,0,128.22622373002793,110.33039948302425
2024-04-24,4,2,4,0,121.33537056033737,121.1854489835519
2024-04-25,1,3,4,0,95.53415020601938,101.31843851736382
2024-04-25,2,3,4,0,114.86460815035231,104.23863884232168
2024-04-25,3,3,4,0,123.27462251877222,123.7605694617542
2024-04-25,4,3,4,1,139.31744652415784,147.43384694825525
2024-04-26,1,4,4,0,119.44043828890183,99.70717810107016
2024-04-26,2,4,4,0,96.52185117125349,105.8237498177426
2024-04-26,3,4,4,0,113.65238422641139,122.08029736545498
2024-04-26,4,4,4,0,140.37229286255769,135.7797547348138
2024-04-27,1,5,4,0,124.71476512979068,118.07903490087746
2024-04-27,2,5,4,0,136.37706188894558,129.6416901705611
2024-04-27,3,5,4,0,137.96969904310376,138.6404213831363
2024-04-27,4,5,4,0,146.4377662484277,143.83318790459518
2024-04-28,1,6,4,0,117.8692655006866,118.45539073649365
2024-04-28,2,6,4,0,111.705540057657,120.46478577475497
2024-04-28,3,6,4,0,150.84109817012765,146.3232347252936
2024-04-28,4,6,4,1,168.10305101650414,180.81030890418035
2024-04-29,1,0,4,0,88.18538877192873,83.60459758616992
2024-04-29,2,0,4,1,118.11320179405575,133.71817026834785
2024-04-29,3,0,4,1,126.01754418032944,148.12115696085772
2024-04-29,4,0,4,0,134.37878008095294,137.23476738320676
2024-04-30,1,1,4,1,104.91462056448198,123.21253954354762
2024-04-30,2,1,4,0,102.29259424747599,90.41474062090515
2024-04-30,3,1,4,1,140.84292012079882,132.5618446890384
2024-04-30,4,1,4,0,151.8715927607162,136.10381302510982
2024-05-01,1,2,5,0,121.08518270777367,87.30318366496849
2024-05-01,2,2,5,0,105.85702470877574,97.79172776596039
2024-05-01,3,2,5,1,110.33039948302425,139.7322115139109
2024-05-01,4,2,5,0,121.1854489835519,129.8193824857513
2024-05-02,1,3,5,0,101.31843851736382,89.12775894741858
2024-05-02,2,3,5,0,104.23863884232168,91.37777110485352
2024-05-02,3,3,5,0,123.7605694617542,107.80672567569091
2024-05-02,4,3,5,0,147.43384694825525,123.07736507329031
2024-05-03,1,4,5,0,99.70717810107016,92.98464117458923
2024-05-03,2,4,5,0,105.8237498177426,113.8797571448456
2024-05-03,3,4,5,0,122.08029736545498,113.73461459208836
2024-05-03,4,4,5,1,135.7797547348138,155.95652164900434
2024-05-04,1,5,5,0,118.07903490087746,123.93499518798886
2024-05-04,2,5,5,0,129.6416901705611,117.04013649019487
2024-05-04,3,5,5,0,138.6404213831363,125.2826533815315
2024-05-04,4,5,5,0,143.83318790459518,140.86889055911072
2024-05-05,1,6,5,0,118.45539073649365,102.98124815447359
2024-05-05,2,6,5,0,120.46478577475497,127.9298831724265
2024-05-05,3,6,5,0,146.3232347252936,125.52992722351844
2024-05-05,4,6,5,0,180.81030890418035,154.90627522482126
2024-05-06,1,0,5,0,83.60459758616992,92.71511411047928
2024-05-06,2,0,5,0,133.71817026834785,90.11045052395555
2024-05-06,3,0,5,1,148.12115696085772,125.27393372497346
2024-05-06,4,0,5,0,137.23476738320676,141.09714846497536
2024-05-07,1,1,5,0,123.21253954354762,90.95334342927342
2024-05-07,2,1,5,0,90.41474062090515,117.399124529033
2024-05-07,3,1,5,0,132.5618446890384,120.33896642425464
2024-05-07,4,1,5,0,136.10381302510982,130.07695549058076
2024-05-08,1,2,5,1,87.30318366496849,122.39486205749947
2024-05-08,2,2,5,1,97.79172776596039,127.80749433388124
2024-05-08,3,2,5,1,139.7322115139109,141.52034428892938
2024-05-08,4,2,5,0,129.8193824857513,139.80792751022776
2024-05-09,1,3,5,1,89.12775894741858,112.73763400681943
2024-05-09,2,3,5,1,91.37777110485352,143.85507786622517
2024-05-09,3,3,5,0,107.80672567569091,117.14029521338446
2024-05-09,4,3,5,1,123.07736507329031,143.14035793065926
2024-05-10,1,4,5,0,92.98464117458923,94.78497614724932
2024-05-10,2,4,5,0,113.8797571448456,104.86530621013259
2024-05-10,3,4,5,0,113.73461459208836,113.07889321408497
2024-05-10,4,4,5,0,155.95652164900434,132.93544161085046
2024-05-11,1,5,5,0,123.93499518798886,103.00230217064495
2024-05-11,2,5,5,0,117.04013649019487,110.82240579846857
2024-05-11,3,5,5,0,125.2826533815315,124.77032025778503
2024-05-11,4,5,5,1,140.86889055911072,168.7885603620744
2024-05-12,1,6,5,0,102.98124815447359,119.83743372322024
2024-05-12,2,6,5,0,127.9298831724265,114.85347574110993
2024-05-12,3,6,5,0,125.52992722351844,131.76960287373512
2024-05-12,4,6,5,0,154.90627522482126,153.0722971598803
2024-05-13,1,0,5,0,92.71511411047928,81.66526325922501
2024-05-13,2,0,5,0,90.11045052395555,103.05904762079781
2024-05-13,3,0,5,0,125.27393372497346,119.55643205378689
2024-05-13,4,0,5,0,141.09714846497536,113.54771114901307
2024-05-14,1,1,5,0,90.95334342927342,96.70695844826149
2024-05-14,2,1,5,0,117.399124529033,97.1351845787338
2024-05-14,3,1,5,0,120.33896642425464,119.37106416093404
2024-05-14,4,1,5,0,130.07695549058076,134.55750817917766
2024-05-15,1,2,5,0,122.39486205749947,94.83585372370885
2024-05-15,2,2,5,0,127.80749433388124,112.96431462530145
2024-05-15,3,2,5,0,141.52034428892938,128.25292426920515
2024-05-15,4,2,5,0,139.80792751022776,123.76083486952022
2024-05-16,1,3,5,0,112.73763400681943,95.9950916136501
2024-05-16,2,3,5,0,143.85507786622517,105.56090526986573
2024-05-16,3,3,5,1,117.14029521338446,148.88626314395313
2024-05-16,4,3,5,0,143.14035793065926,129.17358536847934
2024-05-17,1,4,5,1,94.78497614724932,103.76584721527401
2024-05-17,2,4,5,0,104.86530621013259,97.22704981589632
2024-05-17,3,4,5,1,113.07889321408497,139.44914672195333
2024-05-17,4,4,5,0,132.93544161085046,145.1807152373192
2024-05-18,1,5,5,0,103.00230217064495,108.57904192423642
2024-05-18,2,5,5,0,110.82240579846857,129.55474477647797
2024-05-18,3,5,5,0,124.77032025778503,131.69115805804466
2024-05-18,4,5,5,1,168.7885603620744,173.2124580039486
2024-05-19,1,6,5,0,119.83743372322024,117.96444487535781
2024-05-19,2,6,5,0,114.85347574110993,119.99116647552334
2024-05-19,3,6,5,1,131.76960287373512,151.19313423450288
2024-05-19,4,6,5,0,153.0722971598803,150.101006172118
2024-05-20,1,0,5,0,81.66526325922501,107.35496043680287
2024-05-20,2,0,5,0,103.05904762079781,111.15172697258997
2024-05-20,3,0,5,0,119.55643205378689,105.69186141077878
2024-05-20,4,0,5,0,113.54771114901307,131.42994001961063
2024-05-21,1,1,5,0,96.70695844826149,92.12212654695853
2024-05-21,2,1,5,0,97.1351845787338,100.71930277298631
2024-05-21,3,1,5,0,119.37106416093404,108.54922829197234
2024-05-21,4,1,5,1,134.55750817917766,159.81973211494446
2024-05-22,1,2,5,0,94.83585372370885,99.13458297427395
2024-05-22,2,2,5,1,112.96431462530145,131.32904670574433
2024-05-22,3,2,5,0,128.25292426920515,104.21201174389374
2024-05-22,4,2,5,1,123.76083486952022,157.3657686470444
2024-05-23,1,3,5,0,95.9950916136501,94.04611350329236
2024-05-23,2,3,5,0,105.56090526986573,101.71572809587988
2024-05-23,3,3,5,0,148.88626314395313,131.32718856986332
2024-05-23,4,3,5,0,129.17358536847934,131.5197382972143
2024-05-24,1,4,5,0,103.76584721527401,92.52573883179254
2024-05-24,2,4,5,0,97.22704981589632,112.96750947857807
2024-05-24,3,4,5,0,139.44914672195333,119.56836807331868
2024-05-24,4,4,5,0,145.1807152373192,130.5045922743923
2024-05-25,1,5,5,0,108.57904192423642,107.68421547331313
2024-05-25,2,5,5,0,129.55474477647797,108.26092430375462
2024-05-25,3,5,5,1,131.69115805804466,162.30020903825024
2024-05-25,4,5,5,1,173.2124580039486,169.96992435741635
2024-05-26,1,6,5,0,117.96444487535781,111.02394632959965
2024-05-26,2,6,5,1,119.99116647552334,134.92469546635093
2024-05-26,3,6,5,0,151.19313423450288,133.15152256080407
2024-05-26,4,6,5,1,150.101006172118,168.356812848753
2024-05-27,1,0,5,1,107.35496043680287,120.36063393761752
2024-05-27,2,0,5,0,111.15172697258997,103.76311393104072
2024-05-27,3,0,5,1,105.69186141077878,158.57054287128258
2024-05-27,4,0,5,1,131.42994001961063,141.50841617445954
2024-05-28,1,1,5,0,92.12212654695853,99.04998530903845
2024-05-28,2,1,5,0,100.71930277298631,99.37796032143036
2024-05-28,3,1,5,0,108.54922829197234,108.61727824904143
2024-05-28,4,1,5,0,159.81973211494446,133.03366014827566
2024-05-29,1,2,5,1,99.13458297427395,105.12149530470818
2024-05-29,2,2,5,0,131.32904670574433,101.47593711321605
2024-05-29,3,2,5,0,104.21201174389374,105.02671618621696
2024-05-29,4,2,5,1,157.3657686470444,146.4815731911806
2024-05-30,1,3,5,1,94.04611350329236,110.99404204994467
2024-05-30,2,3,5,0,101.71572809587988,110.29558071544413
2024-05-30,3,3,5,0,131.32718856986332,136.37958320866795
2024-05-30,4,3,5,0,131.5197382972143,136.9314887465401
2024-05-31,1,4,5,0,92.52573883179254,84.63965032330958
2024-05-31,2,4,5,0,112.96750947857807,101.31178975535329
2024-05-31,3,4,5,0,119.56836807331868,106.43661482524472
2024-05-31,4,4,5,0,130.5045922743923,127.40366755741957
2024-06-01,1,5,6,0,107.68421547331313,105.41738654926027
2024-06-01,2,5,6,1,108.26092430375462,141.6219717596156
2024-06-01,3,5,6,0,162.30020903825024,127.04713025182319
2024-06-01,4,5,6,1,169.96992435741635,169.94453199080937
2024-06-02,1,6,6,0,111.02394632959965,102.30534425887525
2024-06-02,2,6,6,0,134.92469546635093,109.7390599511952
2024-06-02,3,6,6,1,133.15152256080407,145.78963098911885
2024-06-02,4,6,6,0,168.356812848753,140.53944190075677
2024-06-03,1,0,6,0,120.36063393761752,89.71900288954163
2024-06-03,2,0,6,0,103.76311393104072,82.74704345069578
2024-06-03,3,0,6,0,158.57054287128258,114.1613851425239
2024-06-03,4,0,6,0,141.50841617445954,121.92936113795973
2024-06-04,1,1,6,0,99.04998530903845,90.27862765862955
2024-06-04,2,1,6,0,99.37796032143036,105.0971939356695
2024-06-04,3,1,6,0,108.61727824904143,108.4710010242521
2024-06-04,4,1,6,1,133.03366014827566,146.10099684165837
2024-06-05,1,2,6,0,105.12149530470818,70.13637326578046
2024-06-05,2,2,6,1,101.47593711321605,135.53221596912084
2024-06-05,3,2,6,0,105.02671618621696,116.32666478245373
2024-06-05,4,2,6,0,146.4815731911806,120.40862020857159
2024-06-06,1,3,6,0,110.99404204994467,69.55831948408421
2024-06-06,2,3,6,0,110.29558071544413,100.7395233224261
2024-06-06,3,3,6,0,136.37958320866795,118.1068601986772
2024-06-06,4,3,6,0,136.9314887465401,138.95797134727292
2024-06-07,1,4,6,0,84.63965032330958,86.96293622220524
2024-06-07,2,4,6,0,101.31178975535329,98.19761866045273
2024-06-07,3,4,6,1,106.43661482524472,121.62590344762307
2024-06-07,4,4,6,0,127.40366755741957,137.51740279143175
2024-06-08,1,5,6,0,105.41738654926027,114.50107514176896
2024-06-08,2,5,6,0,141.6219717596156,117.85684024007577
2024-06-08,3,5,6,0,127.04713025182319,122.95567425007577
2024-06-08,4,5,6,0,169.94453199080937,155.2551698069194
2024-06-09,1,6,6,0,102.30534425887525,100.9971113808248
2024-06-09,2,6,6,0,109.7390599511952,128.02188989019794
2024-06-09,3,6,6,0,145.78963098911885,135.04201420780882
2024-06-09,4,6,6,0,140.53944190075677,143.45686690065938
2024-06-10,1,0,6,1,89.71900288954163,104.7766589014055
2024-06-10,2,0,6,0,82.74704345069578,100.83840100644201
2024-06-10,3,0,6,0,114.1613851425239,119.79347195028248
2024-06-10,4,0,6,0,121.92936113795973,118.00766848096632
2024-06-11,1,1,6,0,90.27862765862955,94.88909053568614
2024-06-11,2,1,6,0,105.0971939356695,105.52252857737307
2024-06-11,3,1,6,0,108.4710010242521,112.66919665498695
2024-06-11,4,1,6,0,146.10099684165837,130.1788916721602
2024-06-12,1,2,6,0,70.13637326578046,93.44542911394001
2024-06-12,2,2,6,1,135.53221596912084,127.12764362180987
2024-06-12,3,2,6,0,116.32666478245373,114.75781871788038
2024-06-12,4,2,6,0,120.40862020857159,120.46701755950514
2024-06-13,1,3,6,0,69.55831948408421,79.36166546295343
2024-06-13,2,3,6,0,100.7395233224261,107.72527948870506
2024-06-13,3,3,6,0,118.1068601986772,122.84362427144548
2024-06-13,4,3,6,0,138.95797134727292,130.93981290866444
2024-06-14,1,4,6,0,86.96293622220524,92.58853076297204
2024-06-14,2,4,6,0,98.19761866045273,98.02332889622886
2024-06-14,3,4,6,0,121.62590344762307,108.56527516065663
2024-06-14,4,4,6,0,137.51740279143175,117.66279588985304
2024-06-15,1,5,6,0,114.50107514176896,98.90141233577879
2024-06-15,2,5,6,0,117.85684024007577,112.61541653404142
2024-06-15,3,5,6,1,122.95567425007577,152.58185581368926
2024-06-15,4,5,6,0,155.2551698069194,144.0348713573369
2024-06-16,1,6,6,0,100.9971113808248,100.69869938477582
2024-06-16,2,6,6,0,128.02188989019794,121.42461429620195
2024-06-16,3,6,6,0,135.04201420780882,138.89640433473974
2024-06-16,4,6,6,0,143.45686690065938,150.16792246650047
2024-06-17,1,0,6,0,104.7766589014055,79.35499866078882
2024-06-17,2,0,6,0,100.83840100644201,107.06934684763871
2024-06-17,3,0,6,0,119.79347195028248,121.4633249902387
2024-06-17,4,0,6,0,118.00766848096632,120.8873922400651
2024-06-18,1,1,6,0,94.88909053568614,77.06595576897286
2024-06-18,2,1,6,1,105.52252857737307,130.7418014996091
2024-06-18,3,1,6,0,112.66919665498695,110.55637300153668
2024-06-18,4,1,6,1,130.1788916721602,142.85989982467794
2024-06-19,1,2,6,0,93.44542911394001,87.87718203659207
2024-06-19,2,2,6,0,127.12764362180987,111.17360362189567
2024-06-19,3,2,6,1,114.75781871788038,127.18404502074122
2024-06-19,4,2,6,0,120.46701755950514,111.61919480973586
2024-06-20,1,3,6,0,79.36166546295343,75.98147475583706
2024-06-20,2,3,6,0,107.72527948870506,106.24207521195164
2024-06-20,3,3,6,0,122.84362427144548,110.47045893848991
2024-06-20,4,3,6,0,130.93981290866444,117.88688934907364
2024-06-21,1,4,6,0,92.58853076297204,88.19873931189824
2024-06-21,2,4,6,0,98.02332889622886,94.18831350752795
2024-06-21,3,4,6,0,108.56527516065663,111.20769690746803
2024-06-21,4,4,6,0,117.66279588985304,125.29848482060794
2024-06-22,1,5,6,0,98.90141233577879,105.94678330710563
2024-06-22,2,5,6,1,112.61541653404142,140.72963741058152
2024-06-22,3,5,6,0,152.58185581368926,122.92105659724068
2024-06-22,4,5,6,0,144.0348713573369,144.49958747889227
2024-06-23,1,6,6,0,100.69869938477582,103.77051916510386
2024-06-23,2,6,6,0,121.42461429620195,117.98992011529113
2024-06-23,3,6,6,0,138.89640433473974,123.9684371605378
2024-06-23,4,6,6,1,150.16792246650047,167.67934399797363
2024-06-24,1,0,6,0,79.35499866078882,83.34823084620223
2024-06-24,2,0,6,0,107.06934684763871,99.08786314065921
2024-06-24,3,0,6,0,121.4633249902387,121.47620509211521
2024-06-24,4,0,6,0,120.8873922400651,108.89531524612856
2024-06-25,1,1,6,0,77.06595576897286,81.84506303829582
2024-06-25,2,1,6,0,130.7418014996091,103.4419205942354
2024-06-25,3,1,6,0,110.55637300153668,115.13592377728914
2024-06-25,4,1,6,0,142.85989982467794,120.50323743962967
2024-06-26,1,2,6,1,87.87718203659207,100.42429958167824
2024-06-26,2,2,6,0,111.17360362189567,97.27804434739076
2024-06-26,3,2,6,0,127.18404502074122,109.08423147906942
2024-06-26,4,2,6,0,111.61919480973586,112.41259658589436
2024-06-27,1,3,6,0,75.98147475583706,98.56100765541227
2024-06-27,2,3,6,0,106.24207521195164,97.28962510520036
2024-06-27,3,3,6,0,110.47045893848991,103.04181504777084
2024-06-27,4,3,6,0,117.88688934907364,124.89016616471211
2024-06-28,1,4,6,1,88.19873931189824,107.42491441036873
2024-06-28,2,4,6,0,94.18831350752795,114.14439108338036
2024-06-28,3,4,6,0,111.20769690746803,106.05556474571834
2024-06-28,4,4,6,0,125.29848482060794,110.31796301913788
2024-06-29,1,5,6,1,105.94678330710563,125.16565877158153
2024-06-29,2,5,6,1,140.72963741058152,138.4398971294976
2024-06-29,3,5,6,0,122.92105659724068,116.4903590516548
2024-06-29,4,5,6,1,144.49958747889227,154.31811767086285
2024-06-30,1,6,6,0,103.77051916510386,97.69697610624938
2024-06-30,2,6,6,0,117.98992011529113,125.65881543833389
2024-06-30,3,6,6,0,123.9684371605378,130.8767646471475
2024-06-30,4,6,6,0,167.67934399797363,147.217732291649
2024-07-01,1,0,7,1,83.34823084620223,113.55210558193117
2024-07-01,2,0,7,1,99.08786314065921,124.18605139612791
2024-07-01,3,0,7,0,121.47620509211521,99.65329305316237
2024-07-01,4,0,7,0,108.89531524612856,112.71976436553301
2024-07-02,1,1,7,0,81.84506303829582,76.30731931943279
2024-07-02,2,1,7,0,103.4419205942354,94.9574554038988
2024-07-02,3,1,7,1,115.13592377728914,129.50170063419841
2024-07-02,4,1,7,0,120.50323743962967,127.88721269981643
2024-07-03,1,2,7,0,100.42429958167824,82.95001984321318
2024-07-03,2,2,7,0,97.27804434739076,91.60025570628657
2024-07-03,3,2,7,0,109.08423147906942,110.9546687099974
2024-07-03,4,2,7,0,112.41259658589436,121.89875936078761
2024-07-04,1,3,7,1,98.56100765541227,106.46075561380921
2024-07-04,2,3,7,1,97.28962510520036,108.04034021583625
2024-07-04,3,3,7,1,103.04181504777084,129.61928876158032
2024-07-04,4,3,7,0,124.89016616471211,114.9301889089005
2024-07-05,1,4,7,0,107.42491441036873,81.88316580489774
2024-07-05,2,4,7,0,114.14439108338036,80.02459898535832
2024-07-05,3,4,7,0,106.05556474571834,102.13975913156372
2024-07-05,4,4,7,1,110.31796301913788,146.5436460488773
2024-07-06,1,5,7,0,125.16565877158153,87.8151227216092
2024-07-06,2,5,7,0,138.4398971294976,116.04990662453719
2024-07-06,3,5,7,0,116.4903590516548,116.55265777105846
2024-07-06,4,5,7,1,154.31811767086285,155.5731885239128
2024-07-07,1,6,7,0,97.69697610624938,104.22595906624981
2024-07-07,2,6,7,0,125.65881543833389,114.2618269569443
2024-07-07,3,6,7,0,130.8767646471475,114.00822590056453
2024-07-07,4,6,7,0,147.217732291649,140.72430441363198
2024-07-08,1,0,7,0,113.55210558193117,76.23128880275067
2024-07-08,2,0,7,0,124.18605139612791,99.2998616350842
2024-07-08,3,0,7,0,99.65329305316237,114.57302295189608
2024-07-08,4,0,7,0,112.71976436553301,111.52333048937716
2024-07-09,1,1,7,0,76.30731931943279,87.35945802332502
2024-07-09,2,1,7,0,94.9574554038988,89.10309151347857
2024-07-09,3,1,7,0,129.50170063419841,107.2675314859571
2024-07-09,4,1,7,1,127.88721269981643,147.051123820958
2024-07-10,1,2,7,0,82.95001984321318,75.75156050687227
2024-07-10,2,2,7,1,91.60025570628657,131.16511759020665
2024-07-10,3,2,7,0,110.9546687099974,102.5606226324867
2024-07-10,4,2,7,0,121.89875936078761,104.9401504017698
2024-07-11,1,3,7,0,106.46075561380921,80.46337256358979
2024-07-11,2,3,7,0,108.04034021583625,96.9983048343664
2024-07-11,3,3,7,0,129.61928876158032,109.81516518885154
2024-07-11,4,3,7,1,114.9301889089005,130.30771979012567
2024-07-12,1,4,7,1,81.88316580489774,106.95645324258282
2024-07-12,2,4,7,0,80.02459898535832,92.13413329341621
2024-07-12,3,4,7,1,102.13975913156372,135.09328330965317
2024-07-12,4,4,7,0,146.5436460488773,109.49164362152614
2024-07-13,1,5,7,0,87.8151227216092,108.93567997451049
2024-07-13,2,5,7,0,116.04990662453719,94.31977362656097
2024-07-13,3,5,7,0,116.55265777105846,117.80317032324135
2024-07-13,4,5,7,1,155.5731885239128,152.28583312748802
2024-07-14,1,6,7,0,104.22595906624981,103.912793416901
2024-07-14,2,6,7,0,114.2618269569443,107.95969550246244
2024-07-14,3,6,7,1,114.00822590056453,147.0256360823628
2024-07-14,4,6,7,0,140.72430441363198,137.58558077486967
2024-07-15,1,0,7,1,76.23128880275067,107.15728458677202
2024-07-15,2,0,7,0,99.2998616350842,99.71654472619402
2024-07-15,3,0,7,0,114.57302295189608,107.186570052295
2024-07-15,4,0,7,1,111.52333048937716,138.95385963053772
2024-07-16,1,1,7,0,87.35945802332502,86.60578525487668
2024-07-16,2,1,7,0,89.10309151347857,104.92099473837257
2024-07-16,3,1,7,0,107.2675314859571,116.43829961976334
2024-07-16,4,1,7,0,147.051123820958,122.82228920248151
2024-07-17,1,2,7,0,75.75156050687227,74.64320435899955
2024-07-17,2,2,7,0,131.16511759020665,93.36846510861693
2024-07-17,3,2,7,0,102.5606226324867,102.45578052954345
2024-07-17,4,2,7,1,104.9401504017698,148.29387832011759
2024-07-18,1,3,7,0,80.46337256358979,87.72176130155358
2024-07-18,2,3,7,0,96.9983048343664,106.45906868272078
2024-07-18,3,3,7,0,109.81516518885154,98.29584655659451
2024-07-18,4,3,7,0,130.30771979012567,104.18180218119204
2024-07-19,1,4,7,0,106.95645324258282,78.82660493050166
2024-07-19,2,4,7,0,92.13413329341621,85.4676991821616
2024-07-19,3,4,7,0,135.09328330965317,107.89280417474868
2024-07-19,4,4,7,0,109.49164362152614,127.36762150627412
2024-07-20,1,5,7,0,108.93567997451049,97.07650242343726
2024-07-20,2,5,7,0,94.31977362656097,114.51612915433142
2024-07-20,3,5,7,1,117.80317032324135,150.49562934216652
2024-07-20,4,5,7,0,152.28583312748802,133.40264160661715
2024-07-21,1,6,7,1,103.912793416901,121.63190973072008
2024-07-21,2,6,7,0,107.95969550246244,114.75488527696619
2024-07-21,3,6,7,0,147.0256360823628,124.36764281750004
2024-07-21,4,6,7,0,137.58558077486967,149.0621317334466
2024-07-22,1,0,7,1,107.15728458677202,100.10983659997244
2024-07-22,2,0,7,0,99.71654472619402,98.11948932640632
2024-07-22,3,0,7,0,107.186570052295,117.06975698658063
2024-07-22,4,0,7,0,138.95385963053772,111.19684593897408
2024-07-23,1,1,7,0,86.60578525487668,73.09098280452315
2024-07-23,2,1,7,0,104.92099473837257,94.46331784102964
2024-07-23,3,1,7,0,116.43829961976334,102.43216127693022
2024-07-23,4,1,7,0,122.82228920248151,102.15183448090568
2024-07-24,1,2,7,1,74.64320435899955,103.0248684014851
2024-07-24,2,2,7,0,93.36846510861693,96.0501711206478
2024-07-24,3,2,7,0,102.45578052954345,106.56304732751039
2024-07-24,4,2,7,0,148.29387832011759,121.99354491373884
2024-07-25,1,3,7,0,87.72176130155358,79.11336510260118
2024-07-25,2,3,7,0,106.45906868272078,85.2897985021249
2024-07-25,3,3,7,0,98.29584655659451,94.14720119248709
2024-07-25,4,3,7,0,104.18180218119204,121.46493609559724
2024-07-26,1,4,7,1,78.82660493050166,100.83875896530323
2024-07-26,2,4,7,0,85.4676991821616,103.97873874293215
2024-07-26,3,4,7,0,107.89280417474868,97.90087982398038
2024-07-26,4,4,7,1,127.36762150627412,130.4948103187566
2024-07-27,1,5,7,0,97.07650242343726,98.21243198153697
2024-07-27,2,5,7,1,114.51612915433142,140.74399043643092
2024-07-27,3,5,7,0,150.49562934216652,117.84940788821999
2024-07-27,4,5,7,0,133.40264160661715,127.19810950597892
2024-07-28,1,6,7,1,121.63190973072008,104.22039233911886
2024-07-28,2,6,7,0,114.75488527696619,113.71846859592344
2024-07-28,3,6,7,0,124.36764281750004,121.6485667494021
2024-07-28,4,6,7,0,149.0621317334466,141.45423864438482
2024-07-29,1,0,7,0,100.10983659997244,78.89541260434918
2024-07-29,2,0,7,0,98.11948932640632,100.95480374499455
2024-07-29,3,0,7,0,117.06975698658063,95.2055727196619
2024-07-29,4,0,7,0,111.19684593897408,119.9741411244229
2024-07-30,1,1,7,0,73.09098280452315,92.05366074702238
2024-07-30,2,1,7,0,94.46331784102964,104.28129596241548
2024-07-30,3,1,7,1,102.43216127693022,131.69806129395872
2024-07-30,4,1,7,1,102.15183448090568,136.62284210215887
2024-07-31,1,2,7,0,103.0248684014851,91.30755399454603
2024-07-31,2,2,7,0,96.0501711206478,97.99347417975626
2024-07-31,3,2,7,0,106.56304732751039,99.20340937449674
2024-07-31,4,2,7,0,121.99354491373884,120.78937512653441
2024-08-01,1,3,8,0,79.11336510260118,76.90551784595935
2024-08-01,2,3,8,0,85.2897985021249,105.87696724022541
2024-08-01,3,3,8,0,94.14720119248709,118.1984779824454
2024-08-01,4,3,8,0,121.46493609559724,114.761181465208
2024-08-02,1,4,8,0,100.83875896530323,76.63806516755841
2024-08-02,2,4,8,0,103.97873874293215,94.31167455734753
2024-08-02,3,4,8,0,97.90087982398038,95.06219958544717
2024-08-02,4,4,8,0,130.4948103187566,105.55467369477633
2024-08-03,1,5,8,0,98.21243198153697,76.05080934057699
2024-08-03,2,5,8,0,140.74399043643092,100.02607896995393
2024-08-03,3,5,8,0,117.84940788821999,119.3451120148014
2024-08-03,4,5,8,0,127.19810950597892,137.7012157578355
2024-08-04,1,6,8,0,104.22039233911886,90.26232850613782
2024-08-04,2,6,8,0,113.71846859592344,108.90282410092757
2024-08-04,3,6,8,1,121.6485667494021,140.35685754917472
2024-08-04,4,6,8,0,141.45423864438482,135.9726096386381
2024-08-05,1,0,8,0,78.89541260434918,82.12853055269883
2024-08-05,2,0,8,0,100.95480374499455,96.91401458645728
2024-08-05,3,0,8,0,95.2055727196619,92.90665135389912
2024-08-05,4,0,8,0,119.9741411244229,112.73973656418922
2024-08-06,1,1,8,1,92.05366074702238,95.53372785154218
2024-08-06,2,1,8,0,104.28129596241548,99.89823104160044
2024-08-06,3,1,8,0,131.69806129395872,99.28555139440724
2024-08-06,4,1,8,0,136.62284210215887,119.06759302677033
2024-08-07,1,2,8,1,91.30755399454603,106.84925837980859
2024-08-07,2,2,8,0,97.99347417975626,90.24534864275097
2024-08-07,3,2,8,0,99.20340937449674,99.19158646597523
2024-08-07,4,2,8,0,120.78937512653441,127.87801802224247
2024-08-08,1,3,8,0,76.90551784595935,84.30895573448147
2024-08-08,2,3,8,0,105.87696724022541,81.42775138774944
2024-08-08,3,3,8,0,118.1984779824454,107.72300280678294
2024-08-08,4,3,8,1,114.761181465208,126.72069535464637
2024-08-09,1,4,8,1,76.63806516755841,94.11583094032366
2024-08-09,2,4,8,0,94.31167455734753,87.03570779140188
2024-08-09,3,4,8,0,95.06219958544717,103.80052079697276
2024-08-09,4,4,8,0,105.55467369477633,110.57168672733381
2024-08-10,1,5,8,0,76.05080934057699,95.49260013521615
2024-08-10,2,5,8,1,100.02607896995393,117.96067713367881
2024-08-10,3,5,8,0,119.3451120148014,123.18446094337459
2024-08-10,4,5,8,0,137.7012157578355,128.94826926101226
2024-08-11,1,6,8,0,90.26232850613782,106.39132373210333
2024-08-11,2,6,8,0,108.90282410092757,113.19746257093708
2024-08-11,3,6,8,0,140.35685754917472,125.53423118002529
2024-08-11,4,6,8,0,135.9726096386381,136.87777329376914
2024-08-12,1,0,8,0,82.12853055269883,65.26622179331018
2024-08-12,2,0,8,0,96.91401458645728,85.46988705122448
2024-08-12,3,0,8,0,92.90665135389912,105.3175801376359
2024-08-12,4,0,8,0,112.73973656418922,107.80212213243205
2024-08-13,1,1,8,0,95.53372785154218,73.70160997403629
2024-08-13,2,1,8,0,99.89823104160044,83.17586063977087
2024-08-13,3,1,8,1,99.28555139440724,124.56720897094249
2024-08-13,4,1,8,0,119.06759302677033,118.3937996331769
2024-08-14,1,2,8,0,106.84925837980859,64.54908997240236
2024-08-14,2,2,8,0,90.24534864275097,96.05071801556987
2024-08-14,3,2,8,1,99.19158646597523,117.39109859936438
2024-08-14,4,2,8,1,127.87801802224247,130.66350111152738
2024-08-15,1,3,8,0,84.30895573448147,69.72096172639817
2024-08-15,2,3,8,0,81.42775138774944,101.86670411644671
2024-08-15,3,3,8,0,107.72300280678294,102.05914633818963
2024-08-15,4,3,8,1,126.72069535464637,125.88241535963246
2024-08-16,1,4,8,0,94.11583094032366,91.0216307365639
2024-08-16,2,4,8,0,87.03570779140188,83.14296074190534
2024-08-16,3,4,8,0,103.80052079697276,94.0148431604747
2024-08-16,4,4,8,0,110.57168672733381,113.20102456743491
2024-08-17,1,5,8,1,95.49260013521615,113.69902883213234
2024-08-17,2,5,8,0,117.96067713367881,108.29937637349808
2024-08-17,3,5,8,0,123.18446094337459,117.85570496075646
2024-08-17,4,5,8,0,128.94826926101226,126.50007925819386
2024-08-18,1,6,8,0,106.39132373210333,79.3426518487846
2024-08-18,2,6,8,0,113.19746257093708,105.366630105142
2024-08-18,3,6,8,0,125.53423118002529,116.85094324051666
2024-08-18,4,6,8,0,136.87777329376914,131.9766063428369
2024-08-19,1,0,8,0,65.26622179331018,68.62487928863453
2024-08-19,2,0,8,0,85.46988705122448,100.33731771159219
2024-08-19,3,0,8,0,105.3175801376359,99.32535161200258
2024-08-19,4,0,8,0,107.80212213243205,115.82661794194532
2024-08-20,1,1,8,0,73.70160997403629,63.80604836223892
2024-08-20,2,1,8,0,83.17586063977087,88.26822467395387
2024-08-20,3,1,8,0,124.56720897094249,90.88130876651573
2024-08-20,4,1,8,0,118.3937996331769,100.27911118257558
2024-08-21,1,2,8,0,64.54908997240236,77.79671191700939
2024-08-21,2,2,8,0,96.05071801556987,80.71777427045396
2024-08-21,3,2,8,0,117.39109859936438,79.71012876803206
2024-08-21,4,2,8,1,130.66350111152738,131.34924177603887
2024-08-22,1,3,8,0,69.72096172639817,79.94747082452285
2024-08-22,2,3,8,0,101.86670411644671,88.65027803820034
2024-08-22,3,3,8,0,102.05914633818963,97.44254672157872
2024-08-22,4,3,8,1,125.88241535963246,135.20754489850543
2024-08-23,1,4,8,0,91.0216307365639,83.44518099567122
2024-08-23,2,4,8,0,83.14296074190534,98.26709538107635
2024-08-23,3,4,8,0,94.0148431604747,109.46911387045682
2024-08-23,4,4,8,0,113.20102456743491,119.10446485606353
2024-08-24,1,5,8,0,113.69902883213234,99.67055847144519
2024-08-24,2,5,8,1,108.29937637349808,126.89607000370025
2024-08-24,3,5,8,0,117.85570496075646,119.23054894872517
2024-08-24,4,5,8,0,126.50007925819386,136.0349181569598
2024-08-25,1,6,8,1,79.3426518487846,105.59659516196315
2024-08-25,2,6,8,0,105.366630105142,101.92618756317064
2024-08-25,3,6,8,0,116.85094324051666,126.81721249944165
2024-08-25,4,6,8,0,131.9766063428369,124.15915537097422
2024-08-26,1,0,8,0,68.62487928863453,79.53060509109687
2024-08-26,2,0,8,0,100.33731771159219,87.90444325563301
2024-08-26,3,0,8,1,99.32535161200258,116.06153484323907
2024-08-26,4,0,8,0,115.82661794194532,111.32468206702463
2024-08-27,1,1,8,1,63.80604836223892,97.47979197503139
2024-08-27,2,1,8,0,88.26822467395387,80.95300145154957
2024-08-27,3,1,8,0,90.88130876651573,97.07717920342128
2024-08-27,4,1,8,0,100.27911118257558,116.24931695168387
2024-08-28,1,2,8,0,77.79671191700939,84.66778132247921
2024-08-28,2,2,8,0,80.71777427045396,87.35632332144034
2024-08-28,3,2,8,0,79.71012876803206,118.82000467093145
2024-08-28,4,2,8,1,131.34924177603887,132.78627412110012
2024-08-29,1,3,8,0,79.94747082452285,82.60866965168229
2024-08-29,2,3,8,0,88.65027803820034,84.49860506886745
2024-08-29,3,3,8,1,97.44254672157872,116.4848510336243
2024-08-29,4,3,8,1,135.20754489850543,128.85501132347903
2024-08-30,1,4,8,0,83.44518099567122,92.29157196085094
2024-08-30,2,4,8,0,98.26709538107635,107.74910893873266
2024-08-30,3,4,8,0,109.46911387045682,105.02333432503153
2024-08-30,4,4,8,0,119.10446485606353,112.26009007851533
2024-08-31,1,5,8,1,99.67055847144519,109.19543026532953
2024-08-31,2,5,8,0,126.89607000370025,91.42517915538852
2024-08-31,3,5,8,0,119.23054894872517,123.01045596582584
2024-08-31,4,5,8,0,136.0349181569598,133.46483055001772
2024-09-01,1,6,9,0,105.59659516196315,84.5337515932989
2024-09-01,2,6,9,0,101.92618756317064,98.38552715685542
2024-09-01,3,6,9,0,126.81721249944165,120.49023562586291
2024-09-01,4,6,9,0,124.15915537097422,121.84573582494359
2024-09-02,1,0,9,0,79.53060509109687,71.11044695440762
2024-09-02,2,0,9,0,87.90444325563301,82.31265431638732
2024-09-02,3,0,9,0,116.06153484323907,103.51952522837452
2024-09-02,4,0,9,0,111.32468206702463,115.51793806792325
2024-09-03,1,1,9,1,97.47979197503139,96.18082634711124
2024-09-03,2,1,9,1,80.95300145154957,101.39571034251406
2024-09-03,3,1,9,0,97.07717920342128,92.77500926511527
2024-09-03,4,1,9,0,116.24931695168387,112.06055767916521
2024-09-04,1,2,9,0,84.66778132247921,69.60630030620393
2024-09-04,2,2,9,0,87.35632332144034,90.59852261245227
2024-09-04,3,2,9,1,118.82000467093145,118.18656496311587
2024-09-04,4,2,9,0,132.78627412110012,115.81882271114016
2024-09-05,1,3,9,0,82.60866965168229,67.96392297072846
2024-09-05,2,3,9,0,84.49860506886745,81.39932776283288
2024-09-05,3,3,9,0,116.4848510336243,79.65108573843429
2024-09-05,4,3,9,0,128.85501132347903,110.47870705487448
2024-09-06,1,4,9,0,92.29157196085094,77.38008856948444
2024-09-06,2,4,9,1,107.74910893873266,97.56947652618977
2024-09-06,3,4,9,0,105.02333432503153,110.75010995723666
2024-09-06,4,4,9,0,112.26009007851533,124.71451743987453
2024-09-07,1,5,9,0,109.19543026532953,89.08738025504861
2024-09-07,2,5,9,0,91.42517915538852,105.95037231922322
2024-09-07,3,5,9,0,123.01045596582584,121.47016827790206
2024-09-07,4,5,9,0,133.46483055001772,131.69994511055071
2024-09-08,1,6,9,0,84.5337515932989,87.29156814903716
2024-09-08,2,6,9,0,98.38552715685542,102.82898805654621
2024-09-08,3,6,9,1,120.49023562586291,133.8577314428742
2024-09-08,4,6,9,0,121.84573582494359,134.7489730031284
2024-09-09,1,0,9,1,71.11044695440762,85.97592578521707
2024-09-09,2,0,9,1,82.31265431638732,103.75405230054149
2024-09-09,3,0,9,0,103.51952522837452,92.53095624101955
2024-09-09,4,0,9,1,115.51793806792325,137.48422620218275
2024-09-10,1,1,9,1,96.18082634711124,79.00172977638714
2024-09-10,2,1,9,0,101.39571034251406,98.48782499841421
2024-09-10,3,1,9,0,92.77500926511527,108.01554514569838
2024-09-10,4,1,9,1,112.06055767916521,131.61653509728058
2024-09-11,1,2,9,1,69.60630030620393,107.59964543505305
2024-09-11,2,2,9,0,90.59852261245227,90.88158585182165
2024-09-11,3,2,9,1,118.18656496311587,115.34899598307366
2024-09-11,4,2,9,0,115.81882271114016,112.97022473195086
2024-09-12,1,3,9,0,67.96392297072846,85.32451009856939
2024-09-12,2,3,9,1,81.39932776283288,111.92389876030803
2024-09-12,3,3,9,1,79.65108573843429,115.83522718033862
2024-09-12,4,3,9,1,110.47870705487448,128.3664401238008
2024-09-13,1,4,9,0,77.38008856948444,81.26047060572128
2024-09-13,2,4,9,0,97.56947652618977,91.0692763441448
2024-09-13,3,4,9,1,110.75010995723666,113.00012175351682
2024-09-13,4,4,9,0,124.71451743987453,123.99828031919836
2024-09-14,1,5,9,1,89.08738025504861,119.19160763354137
2024-09-14,2,5,9,1,105.95037231922322,130.63196505157566
2024-09-14,3,5,9,0,121.47016827790206,122.97477448507436
2024-09-14,4,5,9,1,131.69994511055071,154.57936568961904
2024-09-15,1,6,9,0,87.29156814903716,88.38682166213046
2024-09-15,2,6,9,1,102.82898805654621,125.22723064001518
2024-09-15,3,6,9,1,133.8577314428742,147.08050957491943
2024-09-15,4,6,9,0,134.7489730031284,122.81443906525699
2024-09-16,1,0,9,0,85.97592578521707,79.52950206859866
2024-09-16,2,0,9,0,103.75405230054149,81.47907567078443
2024-09-16,3,0,9,1,92.53095624101955,119.28915519204868
2024-09-16,4,0,9,0,137.48422620218275,121.72892489345028
2024-09-17,1,1,9,1,79.00172977638714,88.01785254183204
2024-09-17,2,1,9,0,98.48782499841421,88.12935215066112
2024-09-17,3,1,9,0,108.01554514569838,107.13741878096164
2024-09-17,4,1,9,1,131.61653509728058,132.00533743320878
2024-09-18,1,2,9,0,107.59964543505305,75.69204433537169
2024-09-18,2,2,9,0,90.88158585182165,85.08183189685127
2024-09-18,3,2,9,1,115.34899598307366,123.79817454172047
2024-09-18,4,2,9,0,112.97022473195086,117.916627610287
2024-09-19,1,3,9,0,85.32451009856939,68.65979335633668
2024-09-19,2,3,9,0,111.92389876030803,71.72189675402976
2024-09-19,3,3,9,0,115.83522718033862,90.5777354951067
2024-09-19,4,3,9,0,128.3664401238008,98.4894824694246
2024-09-20,1,4,9,1,81.26047060572128,101.56429628910789
2024-09-20,2,4,9,0,91.0692763441448,78.74374203870738
2024-09-20,3,4,9,1,113.00012175351682,132.06297791232586
2024-09-20,4,4,9,1,123.99828031919836,141.9983677213699
2024-09-21,1,5,9,1,119.19160763354137,127.41504096097991
2024-09-21,2,5,9,0,130.63196505157566,102.07426571483033
2024-09-21,3,5,9,0,122.97477448507436,108.92679726906526
2024-09-21,4,5,9,0,154.57936568961904,132.24192073045145
2024-09-22,1,6,9,0,88.38682166213046,84.98966853794765
2024-09-22,2,6,9,0,125.22723064001518,112.63478663273358
2024-09-22,3,6,9,1,147.08050957491943,137.83108774724363
2024-09-22,4,6,9,0,122.81443906525699,122.23381764219285
2024-09-23,1,0,9,0,79.52950206859866,70.75218796355428
2024-09-23,2,0,9,0,81.47907567078443,88.16504251475108
2024-09-23,3,0,9,0,119.28915519204868,97.31111611959147
2024-09-23,4,0,9,1,121.72892489345028,136.09996678251568
2024-09-24,1,1,9,0,88.01785254183204,75.54389300840872
2024-09-24,2,1,9,0,88.12935215066112,80.104141157493
2024-09-24,3,1,9,0,107.13741878096164,95.95500122346908
2024-09-24,4,1,9,0,132.00533743320878,123.01692118395691
2024-09-25,1,2,9,0,75.69204433537169,60.538425121800536
2024-09-25,2,2,9,1,85.08183189685127,100.10364596512639
2024-09-25,3,2,9,0,123.79817454172047,84.27171066165724
2024-09-25,4,2,9,1,117.916627610287,128.5837898547246
2024-09-26,1,3,9,0,68.65979335633668,62.52493411755513
2024-09-26,2,3,9,1,71.72189675402976,118.48914001695064
2024-09-26,3,3,9,0,90.5777354951067,114.95542795744858
2024-09-26,4,3,9,0,98.4894824694246,106.48549409791006
2024-09-27,1,4,9,0,101.56429628910789,87.13434125711399
2024-09-27,2,4,9,0,78.74374203870738,85.5902955283042
2024-09-27,3,4,9,0,132.06297791232586,85.13359164281538
2024-09-27,4,4,9,1,141.9983677213699,131.50080623276813
2024-09-28,1,5,9,0,127.41504096097991,95.41576594015417
2024-09-28,2,5,9,0,102.07426571483033,82.10785303919462
2024-09-28,3,5,9,1,108.92679726906526,150.6361443276723
2024-09-28,4,5,9,0,132.24192073045145,129.5261734015013
2024-09-29,1,6,9,0,84.98966853794765,87.97212215890568
2024-09-29,2,6,9,1,112.63478663273358,126.09316801728154
2024-09-29,3,6,9,0,137.83108774724363,110.28915112389986
2024-09-29,4,6,9,0,122.23381764219285,136.47745650317063
2024-09-30,1,0,9,0,70.75218796355428,74.6916939052527
2024-09-30,2,0,9,0,88.16504251475108,92.65226010318261
2024-09-30,3,0,9,1,97.31111611959147,116.5223978308015
2024-09-30,4,0,9,0,136.09996678251568,114.68917113087869
2024-10-01,1,1,10,1,75.54389300840872,94.74983532496337
2024-10-01,2,1,10,0,80.104141157493,79.48604030137747
2024-10-01,3,1,10,0,95.95500122346908,111.31326421809597
2024-10-01,4,1,10,0,123.01692118395691,111.1019149842513
2024-10-02,1,2,10,0,60.538425121800536,77.38700245824899
2024-10-02,2,2,10,0,100.10364596512639,89.14813902723333
2024-10-02,3,2,10,1,84.27171066165724,126.25579261145977
2024-10-02,4,2,10,0,128.5837898547246,114.91840196786174
2024-10-03,1,3,10,0,62.52493411755513,73.03043389594717
2024-10-03,2,3,10,0,118.48914001695064,89.90305009286728
2024-10-03,3,3,10,0,114.95542795744858,89.9842350426392
2024-10-03,4,3,10,1,106.48549409791006,148.12627611811484
2024-10-04,1,4,10,0,87.13434125711399,75.68370412019526
2024-10-04,2,4,10,1,85.5902955283042,101.91941873031355
2024-10-04,3,4,10,0,85.13359164281538,89.84392637112359
2024-10-04,4,4,10,0,131.50080623276813,117.6704082133996
2024-10-05,1,5,10,0,95.41576594015417,99.90434743124075
2024-10-05,2,5,10,0,82.10785303919462,116.92713274353267
2024-10-05,3,5,10,0,150.6361443276723,121.04089872407616
2024-10-05,4,5,10,0,129.5261734015013,129.90402274673733
2024-10-06,1,6,10,0,87.97212215890568,99.35613271383127
2024-10-06,2,6,10,0,126.09316801728154,108.04486860082716
2024-10-06,3,6,10,0,110.28915112389986,110.41359647971584
2024-10-06,4,6,10,0,136.47745650317063,128.878317368011
2024-10-07,1,0,10,1,74.6916939052527,110.20245356447717
2024-10-07,2,0,10,0,92.65226010318261,85.6420120788019
2024-10-07,3,0,10,0,116.5223978308015,104.63689745477916
2024-10-07,4,0,10,0,114.68917113087869,114.44334695014403
2024-10-08,1,1,10,0,94.74983532496337,79.59211370206016
2024-10-08,2,1,10,0,79.48604030137747,87.25128942898318
2024-10-08,3,1,10,0,111.31326421809597,105.46412263275116
2024-10-08,4,1,10,0,111.1019149842513,119.97833673760822
2024-10-09,1,2,10,0,77.38700245824899,76.79453768350318
2024-10-09,2,2,10,0,89.14813902723333,78.49225226516903
2024-10-09,3,2,10,0,126.25579261145977,94.63813712613035
2024-10-09,4,2,10,1,114.91840196786174,129.14309029691464
2024-10-10,1,3,10,1,73.03043389594717,111.56825762767514
2024-10-10,2,3,10,0,89.90305009286728,78.1922185932787
2024-10-10,3,3,10,0,89.9842350426392,96.52067844795356
2024-10-10,4,3,10,0,148.12627611811484,118.77554786813192
2024-10-11,1,4,10,0,75.68370412019526,74.86346212975135
2024-10-11,2,4,10,0,101.91941873031355,84.90897751041643
2024-10-11,3,4,10,1,89.84392637112359,125.30068480760548
2024-10-11,4,4,10,1,117.6704082133996,133.75000580296884
2024-10-12,1,5,10,0,99.90434743124075,77.24277187622344
2024-10-12,2,5,10,0,116.92713274353267,103.38543162573681
2024-10-12,3,5,10,0,121.04089872407616,112.3222789284467
2024-10-12,4,5,10,0,129.90402274673733,130.8602881328378
2024-10-13,1,6,10,0,99.35613271383127,100.97440439634492
2024-10-13,2,6,10,0,108.04486860082716,104.72648998167125
2024-10-13,3,6,10,0,110.41359647971584,119.24141553701985
2024-10-13,4,6,10,1,128.878317368011,172.8876371233854
2024-10-14,1,0,10,1,110.20245356447717,100.61126555667282
2024-10-14,2,0,10,0,85.6420120788019,99.74426252238078
2024-10-14,3,0,10,0,104.63689745477916,119.45426460737195
2024-10-14,4,0,10,1,114.44334695014403,139.90848035798874
2024-10-15,1,1,10,0,79.59211370206016,76.4218254677838
2024-10-15,2,1,10,1,87.25128942898318,115.78828797908022
2024-10-15,3,1,10,1,105.46412263275116,125.682366829094
2024-10-15,4,1,10,0,119.97833673760822,108.72849521235605
2024-10-16,1,2,10,0,76.79453768350318,83.20129211295364
2024-10-16,2,2,10,1,78.49225226516903,96.39675404381697
2024-10-16,3,2,10,1,94.63813712613035,119.66693142530525
2024-10-16,4,2,10,1,129.14309029691464,137.82621828543967
2024-10-17,1,3,10,0,111.56825762767514,73.09526387374723
2024-10-17,2,3,10,0,78.1922185932787,97.88843792773514
2024-10-17,3,3,10,0,96.52067844795356,117.58109503511426
2024-10-17,4,3,10,0,118.77554786813192,120.4087955272326
2024-10-18,1,4,10,0,74.86346212975135,59.57411204098659
2024-10-18,2,4,10,1,84.90897751041643,106.84877316083015
2024-10-18,3,4,10,0,125.30068480760548,107.18319276345615
2024-10-18,4,4,10,0,133.75000580296884,117.9998807731163
2024-10-19,1,5,10,0,77.24277187622344,101.37156002244157
2024-10-19,2,5,10,1,103.38543162573681,134.6058195838517
2024-10-19,3,5,10,1,112.3222789284467,132.58115603169327
2024-10-19,4,5,10,0,130.8602881328378,114.64043446562839
2024-10-20,1,6,10,0,100.97440439634492,89.31636001613221
2024-10-20,2,6,10,1,104.72648998167125,125.45859538421038
2024-10-20,3,6,10,0,119.24141553701985,111.86263389049275
2024-10-20,4,6,10,0,172.8876371233854,108.43205010957931
2024-10-21,1,0,10,1,100.61126555667282,90.88488559611663
2024-10-21,2,0,10,0,99.74426252238078,89.51869670772284
2024-10-21,3,0,10,0,119.45426460737195,87.49257591087019
2024-10-21,4,0,10,0,139.90848035798874,112.53850614648881
2024-10-22,1,1,10,0,76.4218254677838,59.93247791467894
2024-10-22,2,1,10,0,115.78828797908022,79.02698884231347
2024-10-22,3,1,10,0,125.682366829094,103.15402477581165
2024-10-22,4,1,10,0,108.72849521235605,116.17679777250503
2024-10-23,1,2,10,0,83.20129211295364,82.63853571405619
2024-10-23,2,2,10,0,96.39675404381697,91.26002871565628
2024-10-23,3,2,10,0,119.66693142530525,84.69435458420855
2024-10-23,4,2,10,0,137.82621828543967,115.51879118515932
2024-10-24,1,3,10,0,73.09526387374723,56.7620270747104
2024-10-24,2,3,10,0,97.88843792773514,95.58349915233879
2024-10-24,3,3,10,0,117.58109503511426,117.56834132299305
2024-10-24,4,3,10,0,120.4087955272326,109.31428625587424
2024-10-25,1,4,10,0,59.57411204098659,86.4709106274083
2024-10-25,2,4,10,0,106.84877316083015,75.67201995326717
2024-10-25,3,4,10,0,107.18319276345615,98.54915207246135
2024-10-25,4,4,10,0,117.9998807731163,118.14260733328325
2024-10-26,1,5,10,0,101.37156002244157,91.82750785703858
2024-10-26,2,5,10,0,134.6058195838517,113.7207136948028
2024-10-26,3,5,10,1,132.58115603169327,147.70934520885805
2024-10-26,4,5,10,0,114.64043446562839,139.6443419884064
2024-10-27,1,6,10,1,89.31636001613221,123.04425756726543
2024-10-27,2,6,10,0,125.45859538421038,101.0553485637256
2024-10-27,3,6,10,0,111.86263389049275,115.85940940398115
2024-10-27,4,6,10,0,108.43205010957931,118.48853989689927
2024-10-28,1,0,10,0,90.88488559611663,79.83932732047163
2024-10-28,2,0,10,0,89.51869670772284,102.62887559099426
2024-10-28,3,0,10,0,87.49257591087019,103.01261360870302
2024-10-28,4,0,10,0,112.53850614648881,99.86389154434559
2024-10-29,1,1,10,0,59.93247791467894,91.29750187242689
2024-10-29,2,1,10,0,79.02698884231347,94.76686300478485
2024-10-29,3,1,10,0,103.15402477581165,99.5430836184966
2024-10-29,4,1,10,0,116.17679777250503,115.75502159603091
2024-10-30,1,2,10,1,82.63853571405619,101.61605011156763
2024-10-30,2,2,10,0,91.26002871565628,93.22136204693395
2024-10-30,3,2,10,0,84.69435458420855,101.01585547056422
2024-10-30,4,2,10,0,115.51879118515932,118.82472282879097
2024-10-31,1,3,10,0,56.7620270747104,86.13100366093668
2024-10-31,2,3,10,0,95.58349915233879,87.29758232160913
2024-10-31,3,3,10,0,117.56834132299305,110.28386077412982
2024-10-31,4,3,10,0,109.31428625587424,108.22242215583711
2024-11-01,1,4,11,1,86.4709106274083,98.51396668729804
2024-11-01,2,4,11,0,75.67201995326717,114.07792603532
2024-11-01,3,4,11,0,98.54915207246135,118.75287256018343
2024-11-01,4,4,11,1,118.14260733328325,123.40159059477574
2024-11-02,1,5,11,0,91.82750785703858,86.4969252372812
2024-11-02,2,5,11,1,113.7207136948028,129.28959646918852
2024-11-02,3,5,11,0,147.70934520885805,135.98378758903505
2024-11-02,4,5,11,0,139.6443419884064,135.0590797930426
2024-11-03,1,6,11,1,123.04425756726543,128.7397301834001
2024-11-03,2,6,11,0,101.0553485637256,102.91304865714946
2024-11-03,3,6,11,0,115.85940940398115,149.16820897771672
2024-11-03,4,6,11,0,118.48853989689927,138.0310152961614
2024-11-04,1,0,11,0,79.83932732047163,68.2888194865702
2024-11-04,2,0,11,0,102.62887559099426,87.71144723354288
2024-11-04,3,0,11,1,103.01261360870302,121.48523798226127
2024-11-04,4,0,11,0,99.86389154434559,114.88525042187463
2024-11-05,1,1,11,1,91.29750187242689,108.93623122383593
2024-11-05,2,1,11,0,94.76686300478485,101.52782103794507
2024-11-05,3,1,11,0,99.5430836184966,108.17787242383193
2024-11-05,4,1,11,0,115.75502159603091,125.01625594648198
2024-11-06,1,2,11,0,101.61605011156763,72.40187188945829
2024-11-06,2,2,11,1,93.22136204693395,115.7557599345571
2024-11-06,3,2,11,0,101.01585547056422,99.65300253360373
2024-11-06,4,2,11,0,118.82472282879097,119.54075912665341
2024-11-07,1,3,11,0,86.13100366093668,83.1607634735783
2024-11-07,2,3,11,0,87.29758232160913,92.54847122490314
2024-11-07,3,3,11,0,110.28386077412982,114.29970403745597
2024-11-07,4,3,11,0,108.22242215583711,111.82592866816343
2024-11-08,1,4,11,0,98.51396668729804,95.8759584609865
2024-11-08,2,4,11,0,114.07792603532,89.40413256184236
2024-11-08,3,4,11,0,118.75287256018343,97.31202926460544
2024-11-08,4,4,11,0,123.40159059477574,112.55819244663836
2024-11-09,1,5,11,1,86.4969252372812,126.26310408346544
2024-11-09,2,5,11,0,129.28959646918852,110.13170693851875
2024-11-09,3,5,11,0,135.98378758903505,132.8345994505233
2024-11-09,4,5,11,1,135.0590797930426,157.22604297208036
2024-11-10,1,6,11,0,128.7397301834001,97.28956353527607
2024-11-10,2,6,11,0,102.91304865714946,106.86961922510793
2024-11-10,3,6,11,1,149.16820897771672,146.63478149767164
2024-11-10,4,6,11,0,138.0310152961614,132.37485734282672
2024-11-11,1,0,11,0,68.2888194865702,84.42237118597706
2024-11-11,2,0,11,0,87.71144723354288,98.40485306531583
2024-11-11,3,0,11,1,121.48523798226127,126.37011366208498
2024-11-11,4,0,11,0,114.88525042187463,103.83359062328789
2024-11-12,1,1,11,1,108.93623122383593,98.78627686443033
2024-11-12,2,1,11,0,101.52782103794507,90.93983040872166
2024-11-12,3,1,11,0,108.17787242383193,105.24907882355983
2024-11-12,4,1,11,0,125.01625594648198,118.85237460222656
2024-11-13,1,2,11,0,72.40187188945829,99.47875537672063
2024-11-13,2,2,11,0,115.7557599345571,87.85151100039482
2024-11-13,3,2,11,1,99.65300253360373,118.0305706870968
2024-11-13,4,2,11,0,119.54075912665341,112.74834478154564
2024-11-14,1,3,11,1,83.1607634735783,97.1417169487834
2024-11-14,2,3,11,0,92.54847122490314,100.75843589913396
2024-11-14,3,3,11,0,114.29970403745597,96.61126684137926
2024-11-14,4,3,11,0,111.82592866816343,113.96211241720293
2024-11-15,1,4,11,0,95.8759584609865,80.12683878750933
2024-11-15,2,4,11,0,89.40413256184236,85.14472123239358
2024-11-15,3,4,11,0,97.31202926460544,106.77705794039561
2024-11-15,4,4,11,0,112.55819244663836,109.05052064125869
2024-11-16,1,5,11,1,126.26310408346544,125.49818297531594
2024-11-16,2,5,11,0,110.13170693851875,111.86961722250727
2024-11-16,3,5,11,0,132.8345994505233,124.72275034631
2024-11-16,4,5,11,0,157.22604297208036,147.261023139145
2024-11-17,1,6,11,0,97.28956353527607,101.82101763133738
2024-11-17,2,6,11,0,106.86961922510793,95.67547868424805
2024-11-17,3,6,11,0,146.63478149767164,117.98143259266497
2024-11-17,4,6,11,0,132.37485734282672,139.80596130307805
2024-11-18,1,0,11,0,84.42237118597706,84.72942129757848
2024-11-18,2,0,11,1,98.40485306531583,103.99165334741481
2024-11-18,3,0,11,1,126.37011366208498,124.8583133836202
2024-11-18,4,0,11,0,103.83359062328789,131.49014145247295
2024-11-19,1,1,11,0,98.78627686443033,76.94315775657407
2024-11-19,2,1,11,0,90.93983040872166,90.08457265548607
2024-11-19,3,1,11,1,105.24907882355983,130.85908989865962
2024-11-19,4,1,11,0,118.85237460222656,114.84779335018678
2024-11-20,1,2,11,0,99.47875537672063,78.96829857561775
2024-11-20,2,2,11,0,87.85151100039482,88.72963248272633
2024-11-20,3,2,11,0,118.0305706870968,98.67572440221664
2024-11-20,4,2,11,0,112.74834478154564,122.27128467584697
2024-11-21,1,3,11,0,97.1417169487834,88.33049152859654
2024-11-21,2,3,11,1,100.75843589913396,110.71795546695537
2024-11-21,3,3,11,0,96.61126684137926,91.10062456750312
2024-11-21,4,3,11,0,113.96211241720293,118.98977808255216
2024-11-22,1,4,11,0,80.12683878750933,87.89600040329707
2024-11-22,2,4,11,1,85.14472123239358,121.23895690018222
2024-11-22,3,4,11,0,106.77705794039561,117.08909253087307
2024-11-22,4,4,11,0,109.05052064125869,112.10556093232164
2024-11-23,1,5,11,1,125.49818297531594,124.01558228556297
2024-11-23,2,5,11,0,111.86961722250727,117.74539448018135
2024-11-23,3,5,11,0,124.72275034631,125.33450213941047
2024-11-23,4,5,11,0,147.261023139145,132.77123381755035
2024-11-24,1,6,11,0,101.82101763133738,109.62904853479549
2024-11-24,2,6,11,0,95.67547868424805,113.3913452206732
2024-11-24,3,6,11,0,117.98143259266497,119.26568649565185
2024-11-24,4,6,11,0,139.80596130307805,139.79067338124855
2024-11-25,1,0,11,0,84.72942129757848,88.67672420600059
2024-11-25,2,0,11,0,103.99165334741481,84.75038345248332
2024-11-25,3,0,11,0,124.8583133836202,99.63080963895463
2024-11-25,4,0,11,0,131.49014145247295,109.04052444946936
2024-11-26,1,1,11,0,76.94315775657407,87.63296856852843
2024-11-26,2,1,11,1,90.08457265548607,114.06986683751707
2024-11-26,3,1,11,1,130.85908989865962,120.60530828540021
2024-11-26,4,1,11,0,114.84779335018678,125.10250964156299
2024-11-27,1,2,11,0,78.96829857561775,68.15783002293946
2024-11-27,2,2,11,0,88.72963248272633,108.39596829610059
2024-11-27,3,2,11,0,98.67572440221664,114.2637524205244
2024-11-27,4,2,11,0,122.27128467584697,118.33388135706687
2024-11-28,1,3,11,1,88.33049152859654,105.9162759122661
2024-11-28,2,3,11,0,110.71795546695537,112.95141604582392
2024-11-28,3,3,11,0,91.10062456750312,94.83000672070078
2024-11-28,4,3,11,0,118.98977808255216,123.9374545128961
2024-11-29,1,4,11,0,87.89600040329707,82.41809093559084
2024-11-29,2,4,11,1,121.23895690018222,122.84538635461941
2024-11-29,3,4,11,0,117.08909253087307,108.15679537096432
2024-11-29,4,4,11,1,112.10556093232164,142.06276567092115
2024-11-30,1,5,11,0,124.01558228556297,110.78889113802477
2024-11-30,2,5,11,0,117.74539448018135,103.03447818526554
2024-11-30,3,5,11,0,125.33450213941047,126.14979999451518
2024-11-30,4,5,11,0,132.77123381755035,122.93301290134522
2024-12-01,1,6,12,0,109.62904853479549,82.06356036973806
2024-12-01,2,6,12,0,113.3913452206732,116.13973004587149
2024-12-01,3,6,12,0,119.26568649565185,135.12947173480228
2024-12-01,4,6,12,1,139.79067338124855,162.93671207900218
2024-12-02,1,0,12,0,88.67672420600059,85.68279177964838
2024-12-02,2,0,12,0,84.75038345248332,100.845378419045
2024-12-02,3,0,12,0,99.63080963895463,107.97371826108635
2024-12-02,4,0,12,1,109.04052444946936,153.29099394047182
2024-12-03,1,1,12,0,87.63296856852843,87.7534644658585
2024-12-03,2,1,12,0,114.06986683751707,99.6031963451685
2024-12-03,3,1,12,0,120.60530828540021,122.26759075397085
2024-12-03,4,1,12,0,125.10250964156299,124.21840298037856
2024-12-04,1,2,12,1,68.15783002293946,100.30745712327527
2024-12-04,2,2,12,0,108.39596829610059,107.76851386445745
2024-12-04,3,2,12,0,114.2637524205244,117.38287360223416
2024-12-04,4,2,12,0,118.33388135706687,123.13400567257393
2024-12-05,1,3,12,0,105.9162759122661,79.67341218162849
2024-12-05,2,3,12,1,112.95141604582392,126.8545071545671
2024-12-05,3,3,12,0,94.83000672070078,107.7172741483871
2024-12-05,4,3,12,0,123.9374545128961,124.21077546925393
2024-12-06,1,4,12,0,82.41809093559084,98.81914907336028
2024-12-06,2,4,12,0,122.84538635461941,90.63789774881221
2024-12-06,3,4,12,0,108.15679537096432,105.28695126239958
2024-12-06,4,4,12,0,142.06276567092115,109.3162556034138
2024-12-07,1,5,12,1,110.78889113802477,130.697699912085
2024-12-07,2,5,12,1,103.03447818526554,134.0334289145553
2024-12-07,3,5,12,0,126.14979999451518,127.95684608864376
2024-12-07,4,5,12,0,122.93301290134522,150.17902145439848
2024-12-08,1,6,12,0,82.06356036973806,119.89854049115904
2024-12-08,2,6,12,0,116.13973004587149,124.80787240235242
2024-12-08,3,6,12,0,135.12947173480228,125.46515374165705
2024-12-08,4,6,12,0,162.93671207900218,123.73954260558436
2024-12-09,1,0,12,0,85.68279177964838,85.5400012587979
2024-12-09,2,0,12,1,100.845378419045,132.4473521505948
2024-12-09,3,0,12,0,107.97371826108635,104.07441455294588
2024-12-09,4,0,12,1,153.29099394047182,155.96595605979982
2024-12-10,1,1,12,0,87.7534644658585,75.72144456841752
2024-12-10,2,1,12,0,99.6031963451685,100.94719133120431
2024-12-10,3,1,12,1,122.26759075397085,133.5982143130841
2024-12-10,4,1,12,0,124.21840298037856,120.31100317898925
2024-12-11,1,2,12,0,100.30745712327527,84.40812179602855
2024-12-11,2,2,12,0,107.76851386445745,111.60301319548432
2024-12-11,3,2,12,1,117.38287360223416,130.9086303426157
2024-12-11,4,2,12,1,123.13400567257393,148.61803298161755
2024-12-12,1,3,12,1,79.67341218162849,105.06675508027612
2024-12-12,2,3,12,1,126.8545071545671,122.0093215714478
2024-12-12,3,3,12,0,107.7172741483871,124.4205555990033
2024-12-12,4,3,12,1,124.21077546925393,130.7461400071912
2024-12-13,1,4,12,1,98.81914907336028,114.55736489302727
2024-12-13,2,4,12,0,90.63789774881221,91.88167738962242
2024-12-13,3,4,12,1,105.28695126239958,129.453040963783
2024-12-13,4,4,12,0,109.3162556034138,129.12556420713688
2024-12-14,1,5,12,0,130.697699912085,110.21398513122432
2024-12-14,2,5,12,0,134.0334289145553,122.0629465884583
2024-12-14,3,5,12,0,127.95684608864376,123.22111712906091
2024-12-14,4,5,12,0,150.17902145439848,145.66820073466673
2024-12-15,1,6,12,0,119.89854049115904,109.10559848861745
2024-12-15,2,6,12,0,124.80787240235242,141.4762498319746
2024-12-15,3,6,12,0,125.46515374165705,129.0819734721352
2024-12-15,4,6,12,0,123.73954260558436,145.16576718961392
2024-12-16,1,0,12,0,85.5400012587979,104.8378547312764
2024-12-16,2,0,12,0,132.4473521505948,88.94094020014904
2024-12-16,3,0,12,0,104.07441455294588,113.07689078322572
2024-12-16,4,0,12,0,155.96595605979982,108.44993784700866
2024-12-17,1,1,12,0,75.72144456841752,97.08749858850388
2024-12-17,2,1,12,0,100.94719133120431,111.23450783173837
2024-12-17,3,1,12,0,133.5982143130841,113.68998597081897
2024-12-17,4,1,12,0,120.31100317898925,117.11193679848182
2024-12-18,1,2,12,0,84.40812179602855,80.18272955227525
2024-12-18,2,2,12,0,111.60301319548432,103.5779393614982
2024-12-18,3,2,12,0,130.9086303426157,113.6103915474525
2024-12-18,4,2,12,0,148.61803298161755,126.10509538646544
2024-12-19,1,3,12,0,105.06675508027612,94.96392226356255
2024-12-19,2,3,12,0,122.0093215714478,93.57990763446587
2024-12-19,3,3,12,0,124.4205555990033,111.34760019481166
2024-12-19,4,3,12,0,130.7461400071912,131.93684649164825
2024-12-20,1,4,12,0,114.55736489302727,87.22417749620702
2024-12-20,2,4,12,1,91.88167738962242,105.83963320041696
2024-12-20,3,4,12,1,129.453040963783,132.7705736986016
2024-12-20,4,4,12,0,129.12556420713688,116.02091913364966
2024-12-21,1,5,12,0,110.21398513122432,103.32472938368313
2024-12-21,2,5,12,1,122.0629465884583,121.05737902711653
2024-12-21,3,5,12,0,123.22111712906091,133.9043536781663
2024-12-21,4,5,12,0,145.66820073466673,134.2173476182253
2024-12-22,1,6,12,1,109.10559848861745,138.20949020027118
2024-12-22,2,6,12,0,141.4762498319746,112.70244964789265
2024-12-22,3,6,12,1,129.0819734721352,143.4185093148866
2024-12-22,4,6,12,1,145.16576718961392,165.57433095238795
2024-12-23,1,0,12,0,104.8378547312764,79.70845101490168
2024-12-23,2,0,12,1,88.94094020014904,124.17126801765654
2024-12-23,3,0,12,0,113.07689078322572,105.27314044975013
2024-12-23,4,0,12,1,108.44993784700866,164.28995231711747
2024-12-24,1,1,12,0,97.08749858850388,94.36920597115834
2024-12-24,2,1,12,0,111.23450783173837,106.15038996748365
2024-12-24,3,1,12,0,113.68998597081897,99.03471799299706
2024-12-24,4,1,12,0,117.11193679848182,118.23437379669275
2024-12-25,1,2,12,0,80.18272955227525,92.96399125219986
2024-12-25,2,2,12,0,103.5779393614982,108.12650231489104
2024-12-25,3,2,12,1,113.6103915474525,125.53419559448533
2024-12-25,4,2,12,0,126.10509538646544,120.22055063611045
2024-12-26,1,3,12,0,94.96392226356255,79.56808666295537
2024-12-26,2,3,12,0,93.57990763446587,101.42773520653336
2024-12-26,3,3,12,1,111.34760019481166,141.360517326169
2024-12-26,4,3,12,1,131.93684649164825,141.103073516819
2024-12-27,1,4,12,1,87.22417749620702,95.91629401233713
2024-12-27,2,4,12,0,105.83963320041696,100.13325357912821
2024-12-27,3,4,12,0,132.7705736986016,115.54727619659855
2024-12-27,4,4,12,0,116.02091913364966,122.16012234955296
2024-12-28,1,5,12,0,103.32472938368313,104.33240973418725
2024-12-28,2,5,12,0,121.05737902711653,114.34045972528183
2024-12-28,3,5,12,0,133.9043536781663,143.6951613586321
2024-12-28,4,5,12,0,134.2173476182253,150.63025722420358
2024-12-29,1,6,12,0,138.20949020027118,81.35504940523944
2024-12-29,2,6,12,0,112.70244964789265,120.37293463927864
2024-12-29,3,6,12,0,143.4185093148866,141.22848651435092
2024-12-29,4,6,12,0,165.57433095238795,140.56521547892743
2024-12-30,1,0,12,0,79.70845101490168,95.96672521122534
2024-12-30,2,0,12,1,124.17126801765654,115.69460999490587
2024-12-30,3,0,12,0,105.27314044975013,115.61866193427744
2024-12-30,4,0,12,0,164.28995231711747,143.30786583542363
2024-12-31,1,1,12,0,94.36920597115834,89.88473342125474
2024-12-31,2,1,12,0,106.15038996748365,89.3168101777377
2024-12-31,3,1,12,0,99.03471799299706,112.21271875855618
2024-12-31,4,1,12,0,118.23437379669275,123.93408070298054
